Model,Scenario (History),Region,Variable,Unit,1980,1985,1990,1995,2000,2005,2008,2010
History,World Bank (WDI),AFG,GDP|PPP,billion US$2005/yr,,,,,,22.3722852520724,28.5840821593041,37.237284183226
History,World Bank (WDI),AGO,GDP|PPP,billion US$2005/yr,,29.0075762832771,34.0109522537772,26.9171959846784,36.684445514136,60.0143002406138,99.3555182736248,105.893446628597
History,World Bank (WDI),ALB,GDP|PPP,billion US$2005/yr,11.3420242466794,12.5470346839452,12.8749043623782,11.3136160302215,14.757523364834,19.1882796384374,22.9793109248455,24.5684451718531
History,World Bank (WDI),ARE,GDP|PPP,billion US$2005/yr,125.263301890431,116.810791752228,132.937947207017,160.021273865846,209.547670825627,272.055195562896,318.780980577905,318.142305981801
History,World Bank (WDI),ARG,GDP|PPP,billion US$2005/yr,283.432198765924,249.273141820397,243.456921776381,334.380088166196,379.736532229102,419.048847404357,527.234488323528,580.427430586597
History,World Bank (WDI),ARM,GDP|PPP,billion US$2005/yr,,,10.4139328943954,5.49935322208569,7.06074619260926,12.5594969677725,17.2876943790795,15.1526194721872
History,World Bank (WDI),ATG,GDP|PPP,billion US$2005/yr,0.51484795297219,0.665960486245277,0.929282309665183,1.02680399599166,1.2681955866512,1.55714820524238,1.96603783457492,1.65407157330391
History,World Bank (WDI),AUS,GDP|PPP,billion US$2005/yr,294.459347303813,337.805299875199,409.207104002598,461.335692600668,570.056186893631,666.878050042658,739.868842638529,
History,World Bank (WDI),AUT,GDP|PPP,billion US$2005/yr,158.495602976268,170.296328962165,196.310320972838,217.988036982475,254.573383442022,276.672160743033,301.607982438694,296.832090871113
History,World Bank (WDI),AZE,GDP|PPP,billion US$2005/yr,,,34.0333598248191,14.2464121645054,20.0406426153139,37.7309654915168,70.3137379765651,80.6955613888049
History,World Bank (WDI),BDI,GDP|PPP,billion US$2005/yr,1.77788773174623,2.29112830905199,2.74969333045668,2.42129309602003,2.25362904094254,2.50991295844563,2.85654864574888,3.07183243443574
History,World Bank (WDI),BEL,GDP|PPP,billion US$2005/yr,205.001806381026,214.866184634422,250.142181330986,270.709741260415,311.622228486415,337.213123299972,359.777185721981,357.476003901398
History,World Bank (WDI),BEN,GDP|PPP,billion US$2005/yr,4.09464044011477,5.10969467460609,5.33164692989297,6.56346573075238,8.51528780613102,10.2989869603183,11.7863579698106,12.6012667598432
History,World Bank (WDI),BFA,GDP|PPP,billion US$2005/yr,4.48940643577634,5.48469830793653,6.34526881819145,7.68703889629995,10.6498197069826,14.297802800859,16.4088828629429,18.5528068306708
History,World Bank (WDI),BGD,GDP|PPP,billion US$2005/yr,54.5672163139297,65.4864979448686,78.6462811690426,97.495922437714,125.676639267621,163.728142377105,197.306179871577,221.296537496719
History,World Bank (WDI),BGR,GDP|PPP,billion US$2005/yr,51.7149031134857,60.9632408954978,65.6985675072698,57.5493925076112,58.2072950362711,75.9958083540873,91.5080680620996,86.6480745673215
History,World Bank (WDI),BHR,GDP|PPP,billion US$2005/yr,7.56685752346286,7.04601434867164,8.82747498205435,12.2578550312156,15.1414905706583,20.344224752201,24.9992891776845,
History,World Bank (WDI),BHS,GDP|PPP,billion US$2005/yr,4.47052396455308,5.36863476553656,6.04748667371346,6.01858038250511,7.75594162427717,8.41552459726079,8.1793275464979,7.8072826537179
History,World Bank (WDI),BIH,GDP|PPP,billion US$2005/yr,,,,5.45721015391279,18.5234383519248,23.5932894841059,28.2203096325596,27.6182914112301
History,World Bank (WDI),BLR,GDP|PPP,billion US$2005/yr,,,65.5566313238146,42.8038357073647,58.1294859742462,83.4915274636557,110.006369466,118.571850227831
History,World Bank (WDI),BLZ,GDP|PPP,billion US$2005/yr,0.487934298684978,0.497147196886366,0.790210979527103,1.04799935022419,1.40404184781573,1.82501701676289,2.00497263692954,2.06411612365263
History,World Bank (WDI),BOL,GDP|PPP,billion US$2005/yr,20.2278512792121,18.3467634947242,20.4689596795541,25.0208672774045,29.6319011560203,34.5015360080614,40.1314595261797,43.1903824549642
History,World Bank (WDI),BRA,GDP|PPP,billion US$2005/yr,920.935004812106,972.00818297958,1073.70399345353,1248.85605519457,1379.54884137069,1582.64236338872,1835.59985132636,1960.3605712403
History,World Bank (WDI),BRB,GDP|PPP,billion US$2005/yr,3.71671492325587,3.55657865073816,4.17705513553474,4.10657360876991,4.86224437980109,4.85954224890883,5.05879711905629,
History,World Bank (WDI),BRN,GDP|PPP,billion US$2005/yr,15.2553112857,12.6633877264869,12.7053885781864,14.8398009739188,15.8541082175286,17.5668470302451,18.0116087223159,
History,World Bank (WDI),BTN,GDP|PPP,billion US$2005/yr,,0.541945445171011,0.937808755786575,1.13740803724292,1.54418889622108,2.29445632354028,3.0260730593095,3.47007792561412
History,World Bank (WDI),BWA,GDP|PPP,billion US$2005/yr,3.4195796796747,5.50379539560252,9.60493116325496,11.7127639761093,16.7546785807852,21.6494228571651,24.5372899485111,25.0118772486559
History,World Bank (WDI),CAF,GDP|PPP,billion US$2005/yr,2.17234278899482,2.40828807462909,2.40667656320542,2.52696555366866,2.83452953910196,2.70003064443394,2.96445576956961,3.11434161773482
History,World Bank (WDI),CAN,GDP|PPP,billion US$2005/yr,567.370293678304,649.668896366937,748.721512530885,815.396462410773,998.377904471884,1131.99996169552,1197.75683373065,1202.02244838091
History,World Bank (WDI),CHE,GDP|PPP,billion US$2005/yr,180.060793500914,194.044790438838,224.296537438682,225.414102251494,249.388572791697,266.129821233175,291.832420298351,294.123432559524
History,World Bank (WDI),CHL,GDP|PPP,billion US$2005/yr,59.993616595647,62.7055633336604,86.836360932991,131.703989375839,161.436311408623,198.365535465949,224.96242727974,232.675986467037
History,World Bank (WDI),CHN,GDP|PPP,billion US$2005/yr,514.118327379088,855.624995353038,1249.45264409702,2227.96079889079,3368.06687910723,5364.2508945695,7566.75472128211,9122.23735582665
History,World Bank (WDI),CIV,GDP|PPP,billion US$2005/yr,22.2722029553255,22.5698040878531,23.9154740944339,25.7252254456695,30.0242284951685,30.0230691443874,31.4631352394397,33.6255571955273
History,World Bank (WDI),CMR,GDP|PPP,billion US$2005/yr,18.2807428186703,28.5618770070197,25.3573694811269,23.0432905572506,29.0556503477777,34.8568390025959,38.3192156840709,40.3363391976804
History,World Bank (WDI),COG,GDP|PPP,billion US$2005/yr,5.30628255995299,8.63167123473466,8.49410718630563,8.68291194589521,9.78331583863942,11.9463368140948,13.1729535709871,15.3957389338594
History,World Bank (WDI),COL,GDP|PPP,billion US$2005/yr,142.352673490708,159.057051063513,202.429503707544,247.850562304792,263.193766648419,314.392155161362,371.315402295259,392.931965651231
History,World Bank (WDI),COM,GDP|PPP,billion US$2005/yr,0.396497125910969,0.489010268945162,0.52899958031192,0.549087483404236,0.590312367700072,0.676904052093757,0.695391139697865,0.722847658649993
History,World Bank (WDI),CPV,GDP|PPP,billion US$2005/yr,,0.478476407216906,0.567834226810758,0.731744768986035,0.997326832680237,1.27754388696446,1.6235651143644,1.77243248269835
History,World Bank (WDI),CRI,GDP|PPP,billion US$2005/yr,14.9452366197271,14.9487596293239,19.1550103305528,25.071164239694,31.8911699474227,38.9637181609521,46.993285589244,48.3475765572587
History,World Bank (WDI),CYP,GDP|PPP,billion US$2005/yr,5.73585414361359,7.50833095336231,10.5011494430888,13.0946762827069,15.7914556472858,18.5138968623524,21.0016967600552,20.8674801952466
History,World Bank (WDI),CZE,GDP|PPP,billion US$2005/yr,,,169.121513532384,161.152009341504,173.471582145701,208.425031957387,242.083528023872,237.484389890756
History,World Bank (WDI),DEU,GDP|PPP,billion US$2005/yr,1633.15257136139,1747.67636903558,2055.81020957029,2271.42085713824,2490.81363084511,2565.9973532967,2777.69213494368,2732.53058152566
History,World Bank (WDI),DJI,GDP|PPP,billion US$2005/yr,,,1.53866671122178,1.31467955715716,1.28503157562684,1.48758781428461,1.73353182069848,
History,World Bank (WDI),DMA,GDP|PPP,billion US$2005/yr,0.301429802370677,0.385792266788517,0.506276269489759,0.546670573248837,0.588336680592864,0.638182502316198,0.751097956863345,0.748179850690491
History,World Bank (WDI),DNK,GDP|PPP,billion US$2005/yr,106.507081471688,121.779234131474,130.796575337503,146.819247900672,169.01248455636,179.888492352213,186.821331793869,180.181072335433
History,World Bank (WDI),DOM,GDP|PPP,billion US$2005/yr,21.8195446616208,23.9938234660158,27.5801162710317,35.6035576194825,49.7051442769169,59.109442656999,74.6904159483108,83.2596523857104
History,World Bank (WDI),DZA,GDP|PPP,billion US$2005/yr,119.605307683655,151.290820343108,157.141815763386,159.165957662739,185.688666988421,235.762969399859,253.637197467128,266.748995543052
History,World Bank (WDI),ECU,GDP|PPP,billion US$2005/yr,45.3483875708904,48.5461664079625,55.5504224859673,63.3843496400407,66.4306422944593,87.4111730062778,100.196254254662,104.160450565611
History,World Bank (WDI),EGY,GDP|PPP,billion US$2005/yr,108.051606121917,149.66695104399,184.020027084516,217.47375455444,280.154215353964,333.218411473091,408.541539644079,449.697710283577
History,World Bank (WDI),ERI,GDP|PPP,billion US$2005/yr,,,,2.2578447702941,2.35404293801683,2.67428182145842,2.42331875746154,2.57271804003427
History,World Bank (WDI),ESP,GDP|PPP,billion US$2005/yr,574.958529518995,616.183454670603,767.772416367086,827.384417885999,1011.76707066677,1188.10230105294,1291.02678003253,1241.18085080343
History,World Bank (WDI),EST,GDP|PPP,billion US$2005/yr,13.4437029287583,15.4418504709522,15.9210591766689,11.2378553585588,15.0674882378548,22.2751601149633,24.9986088900874,22.1923205664732
History,World Bank (WDI),ETH,GDP|PPP,billion US$2005/yr,,20.5172411380877,26.3533116157323,27.6930179623816,34.5795273219891,47.2369178453808,64.6480505229464,77.4614105893993
History,World Bank (WDI),FIN,GDP|PPP,billion US$2005/yr,85.351653929791,97.7568077943704,115.391155152379,111.897891222262,141.480399890266,161.09683205176,178.918471440335,170.182100894519
History,World Bank (WDI),FJI,GDP|PPP,billion US$2005/yr,2.18185483325646,2.1659520056035,2.50103626327481,2.84071890971362,3.15442537913635,3.55614403380593,3.62797948268729,3.59322893719334
History,World Bank (WDI),FRA,GDP|PPP,billion US$2005/yr,1117.90300748583,1206.9955411607,1414.18329468095,1502.84087622037,1718.29336313915,1860.69968739896,1948.59799469075,1923.45670581018
History,World Bank (WDI),FSM,GDP|PPP,billion US$2005/yr,,,0.253674855985968,0.32735053562904,0.325402281292979,0.334165577411925,0.319662848850861,0.331857592020443
History,World Bank (WDI),GAB,GDP|PPP,billion US$2005/yr,11.6094809555322,13.110565286081,13.8838218670606,16.1572305382917,16.3688751962316,17.8390292661146,19.4947740498492,20.3230259297914
History,World Bank (WDI),GBR,GDP|PPP,billion US$2005/yr,1034.20165399024,1152.09075527878,1356.57504294085,1471.61938154093,1742.50790452712,1971.25275549212,2079.25306508667,2004.67299704933
History,World Bank (WDI),GEO,GDP|PPP,billion US$2005/yr,30.6425699593613,37.967981514743,29.4754698822703,8.32844892741163,11.0555987383598,15.7467599480428,19.7982718031576,20.2638236708003
History,World Bank (WDI),GHA,GDP|PPP,billion US$2005/yr,10.8435547119663,10.6127037366804,13.419119082182,16.5492463965046,20.4456163064198,26.1411970014296,32.107312708486,35.9672326021832
History,World Bank (WDI),GIN,GDP|PPP,billion US$2005/yr,,,4.96478268684504,6.0107190442656,7.39953964259332,8.7781884062872,9.60745850729715,9.76570160691595
History,World Bank (WDI),GMB,GDP|PPP,billion US$2005/yr,0.761349467662257,0.888904712347476,1.08613734606952,1.20496701866571,1.50119121083061,1.7425098320834,1.96158786181945,2.18673453503849
History,World Bank (WDI),GNB,GDP|PPP,billion US$2005/yr,0.755685324286509,1.02160152262859,1.22799886348367,1.43534987074225,1.42143765085728,1.39052700140301,1.51293083372607,1.61236509628971
History,World Bank (WDI),GNQ,GDP|PPP,billion US$2005/yr,,0.699851626562647,0.747420196411934,1.04428378781732,4.51774735035993,15.0800748826879,20.5243495344685,21.8217229432884
History,World Bank (WDI),GRC,GDP|PPP,billion US$2005/yr,164.335886113137,165.456696637532,175.96861685991,187.216092501242,221.807584202036,270.363806316208,293.438570406641,273.916064367627
History,World Bank (WDI),GRD,GDP|PPP,billion US$2005/yr,0.35877665605373,0.44255330661831,0.614544100378164,0.642754505648361,0.924034913355822,1.03057552420838,1.08427447505628,0.985563581598029
History,World Bank (WDI),GTM,GDP|PPP,billion US$2005/yr,27.2519705714938,25.7496164277484,29.7278269221717,36.657830137083,44.4969956518858,51.6518201811914,59.7603956806474,61.7597110460898
History,World Bank (WDI),GUY,GDP|PPP,billion US$2005/yr,1.59921210001226,1.27722358807051,1.13360250804967,1.59730389797095,1.82718391975792,1.89273625882637,2.17169635272979,2.32412337633519
History,World Bank (WDI),HKG,GDP|PPP,billion US$2005/yr,70.6054981341348,93.1513961983194,135.180080238607,174.318090281184,198.517185446263,243.080794359888,283.149120641752,294.826492209933
History,World Bank (WDI),HND,GDP|PPP,billion US$2005/yr,10.2289609591727,11.1396554809398,12.9962647545975,15.4641967549786,17.9572859015841,22.5423039154589,26.5886958545284,26.7439056322597
History,World Bank (WDI),HRV,GDP|PPP,billion US$2005/yr,,,64.0499735967342,46.3842988084342,54.8044394085551,68.1689521994019,76.7830813367869,71.3230691998552
History,World Bank (WDI),HTI,GDP|PPP,billion US$2005/yr,,,,8.6815274644087,9.83003601029058,9.56442002736676,10.1921716039107,9.95648418244304
History,World Bank (WDI),HUN,GDP|PPP,billion US$2005/yr,121.534155299785,132.605355544296,136.103466846657,120.752169737485,139.620477108195,171.223488172605,179.692876744335,169.583339816724
History,World Bank (WDI),IDN,GDP|PPP,billion US$2005/yr,199.519242466234,262.379517917906,370.233849524179,540.619205378478,559.744217646431,705.158950677719,838.730757140111,930.654243069005
History,World Bank (WDI),IND,GDP|PPP,billion US$2005/yr,615.46200681716,791.313099292052,1056.49615730146,1353.71441986612,1797.37553855289,2517.28159544972,3169.70700681746,3762.85903426931
History,World Bank (WDI),IRL,GDP|PPP,billion US$2005/yr,43.2440136460235,49.0438093842204,61.7219596483406,77.4128111453159,123.216216633001,160.669273887371,172.400259442328,158.694251698564
History,World Bank (WDI),IRN,GDP|PPP,billion US$2005/yr,277.277880498807,335.89282695002,340.234345894965,402.089238332867,490.244807229159,643.503423966022,751.650933896722,
History,World Bank (WDI),IRQ,GDP|PPP,billion US$2005/yr,,,,,112.203254448003,82.5103116218135,97.389672526119,102.33683473957
History,World Bank (WDI),ISL,GDP|PPP,billion US$2005/yr,4.98408882804488,5.58701997354782,6.53110763814913,6.61727957501148,8.39893415933937,10.3528081755437,11.6349714946531,10.4242968461415
History,World Bank (WDI),ISR,GDP|PPP,billion US$2005/yr,58.2779793543463,67.4069729096125,83.2438631338407,114.02397969922,145.73288028756,162.09581371521,188.12853591722,198.396935787873
History,World Bank (WDI),ITA,GDP|PPP,billion US$2005/yr,1063.04162659824,1155.62153552755,1348.49057460413,1436.41833306512,1578.24778071254,1649.43763048393,1685.36657649027,1618.13433325368
History,World Bank (WDI),JAM,GDP|PPP,billion US$2005/yr,10.893611958248,11.113924238765,14.1798476001565,17.208451902598,16.9173732433203,18.6255387572701,19.2984279251456,18.5983662880978
History,World Bank (WDI),JOR,GDP|PPP,billion US$2005/yr,8.57418931435034,11.0515596487328,10.4377664636086,14.7109842512048,17.2255095472786,23.4560246932168,29.5581613259322,31.1852020461769
History,World Bank (WDI),JPN,GDP|PPP,billion US$2005/yr,2192.92095296058,2554.08050639426,3227.8604012311,3461.24665826006,3630.10671816613,3872.84314447102,3998.06571399912,3896.55140453769
History,World Bank (WDI),KAZ,GDP|PPP,billion US$2005/yr,,,115.893048070887,71.1602283880909,80.4574268471736,131.765490903112,164.088258776362,178.17950208704
History,World Bank (WDI),KEN,GDP|PPP,billion US$2005/yr,22.3667361093879,25.3322986865143,33.3200257032012,36.0549636092938,40.1072696364516,47.9513767589334,55.3862314411428,60.0072052507401
History,World Bank (WDI),KGZ,GDP|PPP,billion US$2005/yr,,,11.0811453349724,5.61836542098314,7.38000938660237,8.88659465935791,10.7806097070369,10.9411660584151
History,World Bank (WDI),KHM,GDP|PPP,billion US$2005/yr,,,,9.05696241834306,12.888733286986,20.1433337544963,26.2372938846799,27.8259476887258
History,World Bank (WDI),KIR,GDP|PPP,billion US$2005/yr,0.121338062079169,0.128434980128473,0.139626538213968,0.146616825843999,0.197861524185132,0.215402174596245,0.217965975491749,0.220439870697223
History,World Bank (WDI),KNA,GDP|PPP,billion US$2005/yr,0.247044957811275,0.285898991358111,0.416682381764007,0.502232976545539,0.624902372878292,0.735774024992856,0.879181183187809,0.782955537837693
History,World Bank (WDI),KOR,GDP|PPP,billion US$2005/yr,211.343148331126,307.978487088151,487.962494034417,710.725039838256,880.479822889845,1096.74105379418,1240.30175301277,1320.93414138516
History,World Bank (WDI),KWT,GDP|PPP,billion US$2005/yr,55.0546735985052,43.4865669345399,,67.7499163086009,74.4464202375506,110.444592356097,,
History,World Bank (WDI),LAO,GDP|PPP,billion US$2005/yr,,3.18364393060906,3.93003242965028,5.30500422458638,7.15480467953747,9.69184377043857,12.1567165399368,14.3104176845121
History,World Bank (WDI),LBN,GDP|PPP,billion US$2005/yr,,,16.9141100978696,30.073188633057,32.2880191117215,38.8841489321714,45.9511026539492,53.3469326261023
History,World Bank (WDI),LBR,GDP|PPP,billion US$2005/yr,3.37027352984036,3.06438377077873,1.04923572013779,0.293284125060937,1.35912744302956,1.07643249552644,1.35960375275965,1.50040185191602
History,World Bank (WDI),LBY,GDP|PPP,billion US$2005/yr,,,,,66.0317210424768,80.8645812317391,94.2231286424797,
History,World Bank (WDI),LCA,GDP|PPP,billion US$2005/yr,0.495524573876054,0.554724588632382,0.981766070326972,1.15922534073573,1.33561921058326,1.46923836768047,1.65887073649362,1.69162068150681
History,World Bank (WDI),LKA,GDP|PPP,billion US$2005/yr,22.902856887312,29.1602859089695,34.5270961689422,44.9041335309821,57.4090022614386,69.7403908185097,84.9633611879586,95.0178797354402
History,World Bank (WDI),LSO,GDP|PPP,billion US$2005/yr,0.545923500305407,0.632631995586799,0.731021339147052,0.892417056180191,1.08101011377536,2.46870017511594,2.81388126689616,3.00555160327206
History,World Bank (WDI),LTU,GDP|PPP,billion US$2005/yr,,,46.265841245116,26.8298761818961,33.3412675081592,48.5198954330389,59.1575427103692,51.1076132267246
History,World Bank (WDI),LUX,GDP|PPP,billion US$2005/yr,10.0535642378435,11.3664962649457,16.2994306414091,19.785257113988,26.64098675677,31.7794258063227,35.8423019562171,34.8520578815586
History,World Bank (WDI),LVA,GDP|PPP,billion US$2005/yr,20.7960544873176,24.593928489751,26.9466706346029,15.3772314516216,20.2588670499667,30.0281936178885,35.4913879221898,29.018886899606
History,World Bank (WDI),MAC,GDP|PPP,billion US$2005/yr,,5.29528779836047,7.89463460927935,10.5133487275226,10.2746904508134,17.8615901995691,24.2012863356925,31.0747975946402
History,World Bank (WDI),MAR,GDP|PPP,billion US$2005/yr,46.0323331449253,54.1274752456835,67.1755199428072,70.3298748540879,84.8413214309767,108.171204433405,126.407893739451,137.293198619131
History,World Bank (WDI),MDA,GDP|PPP,billion US$2005/yr,13.1295915897071,14.879212913958,16.9389840060272,6.79086013970282,6.03172191561013,8.49164265150963,9.88303016916616,9.93647899279041
History,World Bank (WDI),MDG,GDP|PPP,billion US$2005/yr,11.0948964978446,10.212110824529,11.6925891558311,11.5027128909939,13.8838224698042,15.5370937125502,18.5715361220732,17.9987510724447
History,World Bank (WDI),MDV,GDP|PPP,billion US$2005/yr,,,,0.795284611323532,1.18131889312688,1.54150652587866,2.35023854041521,2.41486926469458
History,World Bank (WDI),MEX,GDP|PPP,billion US$2005/yr,704.166432264646,775.110057009741,842.247559954046,908.514540288504,1184.79303790329,1298.15027731085,1426.2912707285,1411.09375275446
History,World Bank (WDI),MKD,GDP|PPP,billion US$2005/yr,,,16.2882855286648,12.8362358084503,14.8580510815748,16.060169948045,18.7916102583509,18.9538133178474
History,World Bank (WDI),MLI,GDP|PPP,billion US$2005/yr,5.43482062341197,4.80332801340682,5.76796381265466,6.65977279934358,8.57150110096823,11.6554562753419,13.4409900057575,14.6778971110373
History,World Bank (WDI),MLT,GDP|PPP,billion US$2005/yr,3.31397688902991,3.60412332409676,4.85932203161919,6.34537638174496,8.01452362940842,8.4663265572,9.50226284261635,9.47767241171909
History,World Bank (WDI),MMR,GDP|PPP,billion US$2005/yr,11.8554784922377,15.0017825902461,13.4667457804465,17.8829597205156,26.8678454536364,49.2073291367267,68.7189811502746,83.9058229563456
History,World Bank (WDI),MNE,GDP|PPP,billion US$2005/yr,,,,,4.499086280862,5.16822895079109,6.64196978859479,6.41996194841101
History,World Bank (WDI),MNG,GDP|PPP,billion US$2005/yr,,4.45011991551829,5.33843697419462,4.65333170495994,5.32496580055957,7.28966669470785,9.5008524736969,9.97739759726525
History,World Bank (WDI),MOZ,GDP|PPP,billion US$2005/yr,5.33819847769246,4.15426548608922,5.41814294702008,6.4257474049473,9.21172005038819,13.9060093558557,17.3215055087821,19.765659945143
History,World Bank (WDI),MRT,GDP|PPP,billion US$2005/yr,2.62445301227984,2.74147476942152,3.09175922486294,3.61355552739783,4.09706436090376,4.99099990058866,5.81671959947816,6.03341476232554
History,World Bank (WDI),MUS,GDP|PPP,billion US$2005/yr,3.60212429314151,4.5229861690164,6.46307129318225,8.20448983922285,10.8644985867823,12.6283510018466,14.6648314467042,15.7383748077602
History,World Bank (WDI),MWI,GDP|PPP,billion US$2005/yr,4.29628949342284,4.7662040566041,5.34156822138897,6.18555500044816,7.49228243562085,8.26847498880316,10.2319076880485,11.7912094920763
History,World Bank (WDI),MYS,GDP|PPP,billion US$2005/yr,67.3219478427138,86.3500194799023,120.310643642402,189.161425699101,239.03533058704,301.308420195869,355.925054160144,375.288126656335
History,World Bank (WDI),NAM,GDP|PPP,billion US$2005/yr,4.99163704350716,4.94339970355876,5.64098585050494,7.16127925094809,8.51057112303763,10.827002302648,12.7411021459721,13.2592063236359
History,World Bank (WDI),NER,GDP|PPP,billion US$2005/yr,5.52436552857929,4.82024998335664,5.46473334998199,5.66917193227664,6.52128945530744,7.92415224658157,9.4229863407876,10.1297103163467
History,World Bank (WDI),NGA,GDP|PPP,billion US$2005/yr,124.299407653177,106.532717984652,138.234067763981,156.275632288909,181.729715758617,244.642093040951,293.161226641759,338.306589738457
History,World Bank (WDI),NIC,GDP|PPP,billion US$2005/yr,8.91002498447461,9.19687579940644,7.77208917249219,8.4894536131197,10.8468294989199,12.668882015027,14.5347201206438,15.1281728527879
History,World Bank (WDI),NLD,GDP|PPP,billion US$2005/yr,315.136987931273,333.210864270348,392.862291886134,440.027191808453,536.543000571345,572.900602702298,626.674859859337,614.724900948884
History,World Bank (WDI),NOR,GDP|PPP,billion US$2005/yr,106.253672351577,125.186109572169,136.225884490978,163.577901276486,195.996750303047,218.707421837871,231.476886331219,228.311915050782
History,World Bank (WDI),NPL,GDP|PPP,billion US$2005/yr,8.52353954700511,10.8250952653798,13.5335183912359,17.4262962996715,22.0254132080814,26.0218171533422,29.5129739762271,32.2179434873844
History,World Bank (WDI),NZL,GDP|PPP,billion US$2005/yr,54.1361558101803,61.9390808524031,64.5749237820668,75.3111251656089,86.0640317164539,104.608094024892,106.882112172555,
History,World Bank (WDI),OMN,GDP|PPP,billion US$2005/yr,11.5984787050158,23.5126447959925,27.3886380266292,36.4281290511258,43.0072164317216,51.1350233384035,64.9907083494408,
History,World Bank (WDI),PAK,GDP|PPP,billion US$2005/yr,98.5236217684115,136.732106482382,181.203381335566,227.188941243651,266.680486000701,340.26205992466,387.907639269073,418.508109294597
History,World Bank (WDI),PAN,GDP|PPP,billion US$2005/yr,12.8086762783714,15.1700005180278,14.6708286355385,19.1689425506088,24.0390369479683,29.684275263507,39.9933941347549,42.9301138617975
History,World Bank (WDI),PER,GDP|PPP,billion US$2005/yr,105.160095632931,106.863876693571,97.0838793325392,126.783002543769,143.353307346485,176.016624588136,226.776794630955,248.759342954349
History,World Bank (WDI),PHL,GDP|PPP,billion US$2005/yr,133.048217674586,124.781907001344,157.250823257202,175.041119533621,208.538893248145,260.987323044372,305.005954070503,332.054607782837
History,World Bank (WDI),PLW,GDP|PPP,billion US$2005/yr,,,,0.22019793033577,0.240685640604307,0.256999358969518,0.257025092315331,0.256660116684243
History,World Bank (WDI),PNG,GDP|PPP,billion US$2005/yr,6.19605192509107,6.6331216429862,7.02209288560634,10.6037932012852,10.491634507294,11.3743651241007,13.3465223557011,15.2070275720859
History,World Bank (WDI),POL,GDP|PPP,billion US$2005/yr,,,311.826005004717,347.245022801568,451.960597274436,526.078602780189,627.352041595408,662.567530838905
History,World Bank (WDI),PRT,GDP|PPP,billion US$2005/yr,117.128379003377,122.416260385131,161.296504380316,175.515763122107,215.789049215628,224.640675550363,233.292114116987,230.603797128742
History,World Bank (WDI),PRY,GDP|PPP,billion US$2005/yr,12.9277788151363,14.0412958239024,16.9935966167541,20.4696090954545,20.2723904626476,23.0061261114361,27.1163708831574,29.996266772241
History,World Bank (WDI),QAT,GDP|PPP,billion US$2005/yr,,,,,38.3109193819152,57.0686509124062,107.647704461333,
History,World Bank (WDI),R32AUNZ,GDP|PPP,billion US$2005/yr,348.595503113993,399.744380727602,473.782027784665,536.646817766277,656.120218610085,771.48614406755,846.750954811083,
History,World Bank (WDI),R32BRA,GDP|PPP,billion US$2005/yr,920.935004812106,972.00818297958,1073.70399345353,1248.85605519457,1379.54884137069,1582.64236338872,1835.59985132636,1960.3605712403
History,World Bank (WDI),R32CAN,GDP|PPP,billion US$2005/yr,567.370293678304,649.668896366937,748.721512530885,815.396462410773,998.377904471884,1131.99996169552,1197.75683373065,1202.02244838091
History,World Bank (WDI),R32CAS,GDP|PPP,billion US$2005/yr,30.6425699593613,52.4731424822999,271.415264258625,152.699931062792,182.665310272258,291.338767374068,393.536659772059,434.646232591906
History,World Bank (WDI),R32CHN,GDP|PPP,billion US$2005/yr,584.723825513223,954.071679349718,1392.5273589449,2412.79223789949,3576.85875500431,5625.19327912896,7874.10512825956,9448.13864563122
History,World Bank (WDI),R32EEU,GDP|PPP,billion US$2005/yr,11.3420242466794,12.5470346839452,181.308850596925,119.741858654729,156.355304215378,195.612546342522,225.314356145807,218.927334005173
History,World Bank (WDI),R32EEU-FSU,GDP|PPP,billion US$2005/yr,13.1295915897071,14.879212913958,500.880309272897,250.423295617984,245.936693169169,354.990025746492,431.393575214707,405.056752233329
History,World Bank (WDI),R32EFTA,GDP|PPP,billion US$2005/yr,291.298554680536,324.817919984554,367.053529567809,395.609283102991,453.784257254084,495.190051246589,534.944278124223,532.859644456448
History,World Bank (WDI),R32EU12-H,GDP|PPP,billion US$2005/yr,144.027689261186,221.917355016086,748.4719770058,749.636168182249,911.819041654235,1089.07858735632,1270.1190616397,1282.98549540436
History,World Bank (WDI),R32EU12-M,GDP|PPP,billion US$2005/yr,242.259850245568,285.23758267807,321.281202328576,263.52486936717,265.418608064198,357.264439465929,439.871218032592,401.123601049393
History,World Bank (WDI),R32EU15,GDP|PPP,billion US$2005/yr,6797.7278532597,7350.14463264733,8653.89352948634,9374.55644471422,10800.8970873327,11746.0080580963,12486.9483632251,12154.2149099069
History,World Bank (WDI),R32IDN,GDP|PPP,billion US$2005/yr,199.519242466234,262.379517917906,370.233849524179,540.619205378478,559.744217646431,705.158950677719,838.730757140111,930.654243069005
History,World Bank (WDI),R32IND,GDP|PPP,billion US$2005/yr,615.46200681716,791.313099292052,1056.49615730146,1353.71441986612,1797.37553855289,2517.28159544972,3169.70700681746,3762.85903426931
History,World Bank (WDI),R32JPN,GDP|PPP,billion US$2005/yr,2192.92095296058,2554.08050639426,3227.8604012311,3461.24665826006,3630.10671816613,3872.84314447102,3998.06571399912,3896.55140453769
History,World Bank (WDI),R32KOR,GDP|PPP,billion US$2005/yr,211.343148331126,307.978487088151,487.962494034417,710.725039838256,880.479822889845,1096.74105379418,1240.30175301277,1320.93414138516
History,World Bank (WDI),R32LAM-L,GDP|PPP,billion US$2005/yr,46.8788908138261,46.583294904981,51.2863918287885,70.3410073198143,84.5351889104961,98.2524431558069,113.08095589666,115.652389837233
History,World Bank (WDI),R32LAM-M,GDP|PPP,billion US$2005/yr,978.303768571549,956.767030701112,1060.49245368287,1357.072330869,1521.8398556207,1780.40287534778,2165.54446683004,2270.06251604804
History,World Bank (WDI),R32MEA-H,GDP|PPP,billion US$2005/yr,590.060135971788,521.466258301962,563.953875078106,749.313728491676,933.5346806802,1163.72186777972,1242.6570681235,1075.77555338888
History,World Bank (WDI),R32MEA-M,GDP|PPP,billion US$2005/yr,315.312065060445,380.960433675844,426.036476173693,529.174606410808,749.505242329976,910.882316366015,1064.12714116587,283.803271044378
History,World Bank (WDI),R32MEX,GDP|PPP,billion US$2005/yr,704.166432264646,775.110057009741,842.247559954046,908.514540288504,1184.79303790329,1298.15027731085,1426.2912707285,1411.09375275446
History,World Bank (WDI),R32NAF,GDP|PPP,billion US$2005/yr,299.523996396066,386.808373347633,445.00402735036,491.293616478073,674.836665437123,830.049111389502,967.334242201818,944.106559036099
History,World Bank (WDI),R32OAS-CPA,GDP|PPP,billion US$2005/yr,,54.9253313670455,69.0045427509433,107.622953441662,149.361312541275,215.199642058356,270.111963326473,302.037207078004
History,World Bank (WDI),R32OAS-L,GDP|PPP,billion US$2005/yr,216.692206333486,226.048434350873,274.608848742951,324.060470836286,399.625573096334,518.030417214274,621.120133265531,692.015967180201
History,World Bank (WDI),R32OAS-M,GDP|PPP,billion US$2005/yr,247.291472212815,316.849119177224,469.604838387671,705.806169171331,815.385705593755,1031.20409046162,1200.22363738638,1270.39143505358
History,World Bank (WDI),R32PAK,GDP|PPP,billion US$2005/yr,98.5236217684115,136.732106482382,181.203381335566,227.188941243651,266.680486000701,362.634345176732,416.491721428377,455.745393477823
History,World Bank (WDI),R32RUS,GDP|PPP,billion US$2005/yr,,,1872.27838603696,1163.03066887881,1260.05774515714,1696.72916997385,2096.21885509389,2010.37752719686
History,World Bank (WDI),R32SAF,GDP|PPP,billion US$2005/yr,241.638174206685,258.456464067108,280.709706197536,293.02409315753,336.203864350005,405.757255382263,468.529352850868,473.772413392275
History,World Bank (WDI),R32SSA-L,GDP|PPP,billion US$2005/yr,308.685400217324,341.342795726836,433.029442614085,479.306458806791,579.882158418095,750.510107973514,899.636519411612,1004.74074145237
History,World Bank (WDI),R32SSA-M,GDP|PPP,billion US$2005/yr,24.3253350665902,58.5160109881162,71.3023917302935,72.2916233463044,95.1808521660144,139.476679895303,193.004644523957,203.851552828309
History,World Bank (WDI),R32TUR,GDP|PPP,billion US$2005/yr,262.829697792445,333.272091008842,437.820697260647,512.791721897075,625.310797356309,781.243404329659,879.844375674093,912.795531850223
History,World Bank (WDI),R32USA,GDP|PPP,billion US$2005/yr,5128,6795.6,7962.6,9019.9,11167.7,12579.7,13164.2,13084.55659
History,World Bank (WDI),R5.2ASIA,GDP|PPP,billion US$2005/yr,2173.55552344246,3050.01665589643,4301.10253533695,6381.85845233228,8444.80743344728,12070.6914830724,15630.0470868347,18182.0214666179
History,World Bank (WDI),R5.2LAM,GDP|PPP,billion US$2005/yr,2648.03589136882,2747.70230741055,3023.68838363655,3580.27625575324,4165.16744537377,4753.05433008785,5533.06693918449,5750.2238179956
History,World Bank (WDI),R5.2MAF,GDP|PPP,billion US$2005/yr,1778.84259382416,1946.82249958348,2219.08471003797,2613.30974672194,3367.66342756673,4198.74265192343,4833.34355559879,3983.96510924924
History,World Bank (WDI),R5.2OECD,GDP|PPP,billion US$2005/yr,15986.372419239,18927.0303995076,23122.7937277927,25249.0502843555,29661.3908508441,33015.2581081207,35037.1731855938,33679.6169976427
History,World Bank (WDI),R5.2REF,GDP|PPP,billion US$2005/yr,43.7721615490685,67.3523553962579,2644.57395956849,1566.15389555959,1688.65974859856,2343.05796309441,2921.14909008065,2850.0805120221
History,World Bank (WDI),ROU,GDP|PPP,billion US$2005/yr,169.748892644765,199.680413292821,182.370122941587,163.768369226042,153.611178469801,202.720542060914,253.714219337933,234.349026355741
History,World Bank (WDI),RUS,GDP|PPP,billion US$2005/yr,,,1872.27838603696,1163.03066887881,1260.05774515714,1696.72916997385,2096.21885509389,2010.37752719686
History,World Bank (WDI),RWA,GDP|PPP,billion US$2005/yr,4.22166224053515,4.80159124472105,5.16207389957122,3.29372466073923,5.35234421199126,7.73342880022144,9.90722386974442,11.0869265520342
History,World Bank (WDI),SAU,GDP|PPP,billion US$2005/yr,332.298844900026,263.203267560917,311.555951728564,358.832574535667,407.348082945167,490.578367142506,538.109849639915,559.236311619204
History,World Bank (WDI),SDN,GDP|PPP,billion US$2005/yr,21.3372264912516,22.0702445637946,27.2729644539266,34.9861304156239,47.7569192529728,61.9553971932831,81.1540472382243,88.1252203038241
History,World Bank (WDI),SEN,GDP|PPP,billion US$2005/yr,8.28946648746975,9.52852456118968,10.7016061438557,11.8576982482035,14.4978549559236,18.2083612314731,20.3003959844193,21.5815960396377
History,World Bank (WDI),SGP,GDP|PPP,billion US$2005/yr,36.3713874443208,50.6689415755046,76.6382390462838,115.507303723562,153.2081463757,193.557422531659,232.268591803476,263.833394626579
History,World Bank (WDI),SLB,GDP|PPP,billion US$2005/yr,,,0.724205247349235,1.06298414132108,0.92441779435534,0.973800160847153,1.23704178643179,1.30775109494423
History,World Bank (WDI),SLE,GDP|PPP,billion US$2005/yr,2.56734363461402,2.67052445010285,2.80434665605179,2.12592577155594,1.75777007171313,3.33421124136848,4.01810536927331,4.3518834355029
History,World Bank (WDI),SLV,GDP|PPP,billion US$2005/yr,20.3560517061533,17.6815621718202,19.5818379988869,26.4250079623534,30.7173758325012,34.5011603456857,37.7017775236516,37.0414233486641
History,World Bank (WDI),SRB,GDP|PPP,billion US$2005/yr,,,88.0956871091477,43.75049785371,48.9127657276273,63.4336261217407,71.8980742046694,70.0437529559758
History,World Bank (WDI),STP,GDP|PPP,billion US$2005/yr,,,,,,0.216187518665236,0.258633554005577,0.281082946493261
History,World Bank (WDI),SUR,GDP|PPP,billion US$2005/yr,2.40951223562435,2.17196364350272,2.16621955990358,2.1511569979367,2.31740305223782,3.05993156993848,3.49563012164713,
History,World Bank (WDI),SVK,GDP|PPP,billion US$2005/yr,,62.7576947233787,67.2603635005228,58.0188994473642,68.5793033168628,87.1338081366327,110.456747873644,109.489906950106
History,World Bank (WDI),SVN,GDP|PPP,billion US$2005/yr,,,32.8790974701424,31.7901588313162,39.313614294491,46.9622727749886,55.0312989096841,51.3228547344276
History,World Bank (WDI),SWE,GDP|PPP,billion US$2005/yr,169.215488614576,185.384294509507,210.27295511322,217.500545806626,258.582003688154,295.293937662136,316.238734804848,316.777101436762
History,World Bank (WDI),SWZ,GDP|PPP,billion US$2005/yr,1.38675256646441,1.79360876351162,3.36047393410632,3.90682612189081,4.49614362251367,4.99026596907327,5.46148198168641,5.63798739662741
History,World Bank (WDI),SYC,GDP|PPP,billion US$2005/yr,0.702513094734658,0.727836524017819,0.951209106101682,1.09437996923674,1.48003581468167,1.43849934422659,1.68677912482689,1.80389894658013
History,World Bank (WDI),SYR,GDP|PPP,billion US$2005/yr,29.4599952472872,34.0160470770917,36.5746509442795,53.6197009849564,60.0475858334737,76.4031644345541,88.6118743898359,96.9343016325293
History,World Bank (WDI),TCD,GDP|PPP,billion US$2005/yr,2.96210033928183,4.53324839470551,4.9260835504754,5.42686126457884,6.1704764929275,13.4452675198957,13.4451059615612,13.7988735896218
History,World Bank (WDI),TGO,GDP|PPP,billion US$2005/yr,3.02622462814552,2.97306724476166,3.36050808727495,3.37346923979164,4.17172766155811,4.64127706130878,5.05751185032845,5.39653363004693
History,World Bank (WDI),THA,GDP|PPP,billion US$2005/yr,105.439968752768,137.46453904119,224.485662196069,339.4608125952,347.153610362699,445.195047035913,503.678709912758,530.367086844914
History,World Bank (WDI),TJK,GDP|PPP,billion US$2005/yr,,14.5051609675569,15.7015152875103,5.96898853962365,5.98001506050887,9.68167679691933,11.9156445216923,13.3455456955844
History,World Bank (WDI),TKM,GDP|PPP,billion US$2005/yr,,,13.7514838596289,8.57212387320699,10.4539006100927,22.6085182294627,32.2970244100711,37.4197200458013
History,World Bank (WDI),TON,GDP|PPP,billion US$2005/yr,,0.281119128926663,0.285260829156321,0.343634807370971,0.378575596966658,0.417725311700621,0.425350953113149,0.422742934339133
History,World Bank (WDI),TTO,GDP|PPP,billion US$2005/yr,16.5017012875676,14.7305529215466,13.1519529394337,14.0921352053481,17.9629899250081,26.3843240186395,32.0518895810322,30.9610035191417
History,World Bank (WDI),TUN,GDP|PPP,billion US$2005/yr,25.8347494455683,31.7231267148513,36.6666645596511,44.3240294068056,58.1207406212837,72.0319448514076,84.5244827086805,90.3666545903391
History,World Bank (WDI),TUR,GDP|PPP,billion US$2005/yr,262.829697792445,333.272091008842,437.820697260647,512.791721897075,625.310797356309,781.243404329659,879.844375674093,912.795531850223
History,World Bank (WDI),TZA,GDP|PPP,billion US$2005/yr,,,21.2702562960296,23.2489882227138,28.7084464266895,40.3543849442734,49.5843778460519,56.2423584810745
History,World Bank (WDI),UGA,GDP|PPP,billion US$2005/yr,,7.78263577507666,9.95906463144214,13.974845436322,18.7299473369395,25.9031426579888,33.8202184504554,38.1507249587892
History,World Bank (WDI),UKR,GDP|PPP,billion US$2005/yr,,,418.384693943055,200.828599770916,181.775485279313,263.006855631327,311.504175579541,276.548423012707
History,World Bank (WDI),URY,GDP|PPP,billion US$2005/yr,22.7595668179335,18.773379047117,22.7011828399354,27.5348367824416,31.7177938386293,32.008625140932,38.923390392166,43.3091354964321
History,World Bank (WDI),USA,GDP|PPP,billion US$2005/yr,5128,6795.6,7962.6,9019.9,11167.7,12579.7,13164.2,13084.55659
History,World Bank (WDI),UZB,GDP|PPP,billion US$2005/yr,,,41.0653091041422,33.3060105268848,40.2369708215971,52.3592643778848,67.0554181980947,78.6482941732723
History,World Bank (WDI),VCT,GDP|PPP,billion US$2005/yr,0.330581150227139,0.431328545224779,0.59346415106641,0.629990526488364,0.808389667345879,0.962710490871529,1.11014341089815,1.08302065949666
History,World Bank (WDI),VEN,GDP|PPP,billion US$2005/yr,174.332608774722,166.380511238049,189.085653375713,223.99447339714,232.521868655694,263.762429467968,331.803631805249,316.396601224421
History,World Bank (WDI),VNM,GDP|PPP,billion US$2005/yr,,47.2915675209182,59.7360733470984,88.6076550937722,123.992808774192,178.074797838714,222.217100428159,249.923444107501
History,World Bank (WDI),VUT,GDP|PPP,billion US$2005/yr,0.319847547379703,0.464765267491991,0.50245308687078,0.590071510131244,0.702198131363383,0.739098147506898,0.897299593273167,0.956563038521991
History,World Bank (WDI),WSM,GDP|PPP,billion US$2005/yr,,0.408193504026015,0.422756976780689,0.445619739312788,0.540128228442131,0.690507147353713,0.722187176891483,0.721884287810496
History,World Bank (WDI),World,GDP|PPP,billion US$2005/yr,22630.5785894235,26738.9242177944,35311.2433163727,39390.6486347226,47327.6889058305,56380.8045362988,63954.7798572924,64445.9079035276
History,World Bank (WDI),YEM,GDP|PPP,billion US$2005/yr,,,21.8756027729708,28.6814942087229,37.4960661603397,46.1252427182376,50.9653963733143,
History,World Bank (WDI),ZAF,GDP|PPP,billion US$2005/yr,241.638174206685,258.456464067108,280.709706197536,293.02409315753,336.203864350005,405.757255382263,468.529352850868,473.772413392275
History,World Bank (WDI),ZMB,GDP|PPP,billion US$2005/yr,8.84866704321313,9.0645856762957,9.81387120687522,9.14232869256219,10.4952389385423,13.2687588991938,15.8181319293094,18.1118373939994
