Model,Scenario (History),Region,Variable,Unit,1960,1965,1970,1975,1980,1985,1990,1995,2000,2005,2010
History,WUP2009,ABW,Population|Urban|Share,%,50.776,50.7,50.624,50.548,50.472,50.395,50.319,48.761,46.703,46.6,46.872
History,WUP2009,AFG,Population|Urban|Share,%,7.993,9.353,11.031,13.278,15.675,16.917,18.098,19.125,20.197,21.312,22.6
History,WUP2009,AGO,Population|Urban|Share,%,10.435,12.504,14.957,19.128,24.298,30.338,37.144,43.988,48.987,53.956,58.504
History,WUP2009,AIA,Population|Urban|Share,%,100,100,100,100,100,100,100,100,100,100,100
History,WUP2009,ALB,Population|Urban|Share,%,30.705,31.23,31.74,32.712,33.762,35.083,36.428,38.911,41.741,46.74,51.911
History,WUP2009,AND,Population|Urban|Share,%,58.45,70.445,80.155,87.252,92.064,95.159,94.712,93.661,92.395,90.276,88.004
History,WUP2009,ARE,Population|Urban|Share,%,73.5,75.661,77.701,79.615,80.71,79.804,79.073,78.366,80.262,82.264,84.05
History,WUP2009,ARG,Population|Urban|Share,%,73.611,76.369,78.88,80.969,82.887,85.038,86.984,88.654,90.125,91.39,92.393
History,WUP2009,ARM,Population|Urban|Share,%,51.275,55.622,59.864,63.611,66.05,67.09,67.421,66.057,64.666,64.1,64.191
History,WUP2009,ASM,Population|Urban|Share,%,66.211,68.334,70.384,72.354,74.33,77.762,80.948,85.28,88.766,91.282,92.974
History,WUP2009,ATG,Population|Urban|Share,%,39.656,36.61,33.819,34.217,34.618,35.021,35.426,33.961,32.127,30.736,30.341
History,WUP2009,AUS,Population|Urban|Share,%,81.529,83.485,85.265,85.921,85.76,85.46,85.4,86.106,87.165,88.193,89.108
History,WUP2009,AUT,Population|Urban|Share,%,64.72,65.011,65.258,65.341,65.391,65.566,65.765,65.8,65.8,66.499,67.553
History,WUP2009,AZE,Population|Urban|Share,%,47.718,48.808,50.008,51.897,52.777,53.498,53.749,52.206,51.196,51.533,51.931
History,WUP2009,BDI,Population|Urban|Share,%,2.038,2.211,2.382,3.218,4.339,5.221,6.271,7.211,8.275,9.525,10.999
History,WUP2009,BEL,Population|Urban|Share,%,92.46,93.137,93.843,94.48,95.381,95.93,96.377,96.777,97.116,97.267,97.411
History,WUP2009,BEN,Population|Urban|Share,%,9.275,12.519,16.691,21.904,27.339,30.796,34.485,36.758,38.333,40.012,42.044
History,WUP2009,BFA,Population|Urban|Share,%,4.7,5.198,5.746,6.347,8.805,12.334,13.815,15.131,17.844,21.537,25.689
History,WUP2009,BGD,Population|Urban|Share,%,5.135,6.211,7.593,9.836,14.851,17.496,19.811,21.693,23.59,25.672,28.067
History,WUP2009,BGR,Population|Urban|Share,%,37.1,45.755,52.3,57.562,62.1,64.59,66.377,67.782,68.899,70.179,71.458
History,WUP2009,BHR,Population|Urban|Share,%,82.32,82.5,83.775,84.975,86.101,87.155,88.14,88.388,88.372,88.418,88.614
History,WUP2009,BHS,Population|Urban|Share,%,59.654,63.281,66.725,69.999,73.102,76.674,79.838,80.961,82.035,83.078,84.099
History,WUP2009,BIH,Population|Urban|Share,%,19.04,22.817,27.201,31.288,35.543,37.589,39.249,41.064,43.228,45.747,48.621
History,WUP2009,BLR,Population|Urban|Share,%,32.401,38.127,44.01,50.614,56.498,61.833,65.981,67.926,69.928,72.152,74.695
History,WUP2009,BLZ,Population|Urban|Share,%,54.028,52.481,50.963,50.171,49.374,48.419,47.465,47.484,47.766,50.2,52.249
History,WUP2009,BMU,Population|Urban|Share,%,100,100,100,100,100,100,100,100,100,100,100
History,WUP2009,BOL,Population|Urban|Share,%,36.762,38.257,39.776,41.314,45.451,50.519,55.577,59.4,61.834,64.214,66.545
History,WUP2009,BRA,Population|Urban|Share,%,46.139,51.037,55.909,60.789,65.468,69.862,73.922,77.61,81.192,84.231,86.529
History,WUP2009,BRB,Population|Urban|Share,%,36.777,37.141,37.539,38.62,39.582,35.975,32.719,35.482,38.347,41.337,44.469
History,WUP2009,BRN,Population|Urban|Share,%,43.401,52.625,61.675,61.994,59.89,62.252,65.833,68.636,71.146,73.507,75.654
History,WUP2009,BTN,Population|Urban|Share,%,3.596,4.687,6.089,7.876,10.132,12.941,16.388,20.537,25.418,30.964,34.707
History,WUP2009,BWA,Population|Urban|Share,%,3.06,3.839,7.834,11.884,16.479,26.724,41.933,48.981,53.219,57.347,61.134
History,WUP2009,CAF,Population|Urban|Share,%,20.1,23.519,27.328,31.956,33.874,35.532,36.825,37.231,37.639,38.071,38.943
History,WUP2009,CAN,Population|Urban|Share,%,69.061,72.892,75.654,75.611,75.663,76.354,76.582,77.675,79.478,80.122,80.582
History,WUP2009,CHE,Population|Urban|Share,%,51.019,54.217,57.368,57.369,57.084,65.21,73.184,73.578,73.322,73.29,73.623
History,WUP2009,CHL,Population|Urban|Share,%,67.836,71.696,75.227,78.386,81.243,82.624,83.271,84.372,85.946,87.634,89.004
History,WUP2009,CHN,Population|Urban|Share,%,16.203,18.086,17.4,17.4,19.358,22.874,26.442,30.906,35.757,42.513,46.955
History,WUP2009,CIV,Population|Urban|Share,%,17.679,24.5,28.163,32.229,36.93,38.268,39.741,41.372,43.541,46.836,50.561
History,WUP2009,CMR,Population|Urban|Share,%,13.937,16.88,20.3,27.292,31.921,36.232,40.717,45.328,49.858,54.269,58.397
History,WUP2009,COD,Population|Urban|Share,%,22.3,26.102,30.3,29.503,28.719,27.977,27.823,28.434,29.84,32.106,35.218
History,WUP2009,COG,Population|Urban|Share,%,31.601,35.273,39.129,43.264,47.857,52.221,54.324,56.413,58.32,60.173,62.119
History,WUP2009,COK,Population|Urban|Share,%,46.469,50.796,53.285,54.009,53.815,55.202,57.715,58.678,65.191,71.026,75.306
History,WUP2009,COL,Population|Urban|Share,%,45.033,51.022,54.82,58.539,62.121,65.574,68.276,70.516,72.075,73.581,75.071
History,WUP2009,COM,Population|Urban|Share,%,12.551,16.978,19.39,21.239,23.215,25.469,27.869,28.301,28.08,27.886,28.19
History,WUP2009,CPV,Population|Urban|Share,%,16.679,18.073,19.559,21.419,23.518,31.5,44.12,48.768,53.433,57.405,61.089
History,WUP2009,CRI,Population|Urban|Share,%,34.254,35.791,38.827,41.349,43.099,45.563,50.683,55.789,59.038,61.771,64.417
History,WUP2009,CUB,Population|Urban|Share,%,58.401,59.337,60.266,64.224,68.106,70.933,73.364,74.277,75.6,75.6,75.225
History,WUP2009,CYM,Population|Urban|Share,%,100,100,100,100,100,100,100,100,100,100,100
History,WUP2009,CYP,Population|Urban|Share,%,35.628,38.188,40.761,47.277,58.614,64.678,66.776,68.038,68.648,69.444,70.32
History,WUP2009,CZE,Population|Urban|Share,%,59.548,62.016,64.402,69.917,75.167,75.365,75.22,74.643,73.988,73.52,73.541
History,WUP2009,DEU,Population|Urban|Share,%,71.384,71.955,72.274,72.56,72.844,72.711,73.118,73.286,73.067,73.355,73.849
History,WUP2009,DJI,Population|Urban|Share,%,50.325,56.109,61.777,67.142,72.096,74.631,75.65,76.068,76.03,76.006,76.234
History,WUP2009,DMA,Population|Urban|Share,%,27.29,36.583,46.891,55.296,63.411,66.046,67.716,67.629,67.178,66.939,67.236
History,WUP2009,DNK,Population|Urban|Share,%,73.687,77.048,79.737,82.146,83.723,84.351,84.843,84.979,85.1,85.856,86.866
History,WUP2009,DOM,Population|Urban|Share,%,30.229,35.039,40.209,45.691,51.281,53.868,55.226,57.596,61.746,65.694,69.181
History,WUP2009,DZA,Population|Urban|Share,%,30.51,37.643,39.5,40.33,43.542,47.968,52.085,55.997,59.81,63.323,66.497
History,WUP2009,ECU,Population|Urban|Share,%,33.878,36.64,39.278,42.363,46.961,51.215,55.09,57.766,60.299,63.611,66.947
History,WUP2009,EGY,Population|Urban|Share,%,37.864,40.681,42.209,43.452,43.858,43.938,43.478,42.814,42.797,43.027,43.402
History,WUP2009,ERI,Population|Urban|Share,%,9.751,11.383,12.593,13.454,14.364,15.228,15.8,16.594,17.779,19.414,21.577
History,WUP2009,ESH,Population|Urban|Share,%,31.19,36.185,42.092,60.574,77.449,84.183,86.156,87.153,83.861,80.793,81.831
History,WUP2009,ESP,Population|Urban|Share,%,56.567,61.278,66.038,69.57,72.789,74.213,75.351,75.856,76.262,76.721,77.396
History,WUP2009,EST,Population|Urban|Share,%,57.533,61.348,64.947,67.589,69.711,70.767,71.128,69.979,69.4,69.4,69.487
History,WUP2009,ETH,Population|Urban|Share,%,6.433,7.587,8.588,9.46,10.41,11.453,12.621,13.9,14.9,15.928,16.661
History,WUP2009,FIN,Population|Urban|Share,%,55.29,59.658,63.704,67.831,71.727,75.808,79.367,80.963,82.183,83.674,85.09
History,WUP2009,FJI,Population|Urban|Share,%,29.681,32.582,34.758,36.721,37.769,38.523,41.611,45.496,47.908,49.871,51.861
History,WUP2009,FLK,Population|Urban|Share,%,50.495,51.847,54.041,56.33,58.696,64.012,74.15,65.987,67.606,70.828,73.635
History,WUP2009,FRA,Population|Urban|Share,%,61.88,67.071,71.055,72.926,73.282,73.65,74.056,74.912,76.895,81.555,85.251
History,WUP2009,FRO,Population|Urban|Share,%,21.383,25.553,27.951,30.326,31.186,30.766,30.594,30.926,36.337,39.781,40.317
History,WUP2009,FSM,Population|Urban|Share,%,22.312,23.537,24.808,25.858,26.445,26.149,25.818,25.068,22.33,22.33,22.663
History,WUP2009,GAB,Population|Urban|Share,%,17.398,23.775,32,42.971,54.682,62.402,69.143,75.361,80.146,83.599,86.028
History,WUP2009,GBR,Population|Urban|Share,%,78.444,77.821,77.117,77.683,78.481,78.39,78.14,78.353,78.651,79.036,79.638
History,WUP2009,GEO,Population|Urban|Share,%,43.069,45.534,48.006,50.344,52.497,54.194,55.038,53.841,52.638,52.47,52.747
History,WUP2009,GHA,Population|Urban|Share,%,23.252,26.074,28.972,30.058,31.167,32.896,36.441,40.139,43.954,47.763,51.471
History,WUP2009,GIB,Population|Urban|Share,%,100,100,100,100,100,100,100,100,100,100,100
History,WUP2009,GIN,Population|Urban|Share,%,10.472,12.978,15.977,19.515,23.617,26.621,28.026,29.475,31.047,32.996,35.361
History,WUP2009,GLP,Population|Urban|Share,%,95.666,95.105,95.067,96,97.98,98.486,98.594,98.485,98.4,98.4,98.408
History,WUP2009,GMB,Population|Urban|Share,%,12.129,14.533,19.496,24.426,28.414,33.019,38.312,43.841,49.099,53.895,58.149
History,WUP2009,GNB,Population|Urban|Share,%,13.6,14.349,15.132,15.95,17.605,22.431,28.131,29.814,29.695,29.602,30.003
History,WUP2009,GNQ,Population|Urban|Share,%,25.537,26.502,26.954,27.41,27.872,29.94,34.745,38.834,38.806,38.935,39.702
History,WUP2009,GRC,Population|Urban|Share,%,42.891,47.529,52.504,55.307,57.734,58.441,58.843,59.287,59.736,60.359,61.414
History,WUP2009,GRD,Population|Urban|Share,%,30.332,31.274,32.212,32.565,32.921,33.183,33.428,34.548,35.871,37.371,39.291
History,WUP2009,GRL,Population|Urban|Share,%,58.534,66.05,72.744,74.389,76.121,77.961,79.698,80.861,81.6,82.84,84.2
History,WUP2009,GTM,Population|Urban|Share,%,31.121,33.989,35.545,36.718,37.401,39.152,41.117,43.11,45.127,47.186,49.458
History,WUP2009,GUF,Population|Urban|Share,%,63.327,65.745,67.433,69.121,70.759,72.651,74.517,74.796,75.084,75.583,76.35
History,WUP2009,GUM,Population|Urban|Share,%,50.147,55.548,61.92,83.632,93.753,92.339,90.796,92.055,93.103,93.103,93.168
History,WUP2009,GUY,Population|Urban|Share,%,29.009,29.209,29.425,29.967,30.488,30.033,29.583,29.137,28.694,28.34,28.604
History,WUP2009,HKG,Population|Urban|Share,%,85.2,86.422,87.729,89.695,91.478,92.92,99.517,100,100,100,100
History,WUP2009,HND,Population|Urban|Share,%,22.747,25.704,28.902,32.11,34.87,37.735,40.46,42.941,45.458,48.649,51.604
History,WUP2009,HRV,Population|Urban|Share,%,30.154,34.977,40.196,45.126,50.061,52.291,54.039,54.892,55.587,56.451,57.738
History,WUP2009,HTI,Population|Urban|Share,%,15.593,17.58,19.762,20.404,20.541,23.261,28.51,32.59,35.6,44.087,52.087
History,WUP2009,HUN,Population|Urban|Share,%,55.911,58.022,60.112,62.231,64.191,65.095,65.838,65.209,64.575,66.281,68.095
History,WUP2009,IDN,Population|Urban|Share,%,14.586,15.789,17.071,19.317,22.104,26.089,30.584,35.554,42.001,43.05,44.281
History,WUP2009,IMN,Population|Urban|Share,%,55.123,56.305,55.831,52.403,51.784,51.765,51.746,51.783,51.823,51.194,50.649
History,WUP2009,IND,Population|Urban|Share,%,17.924,18.785,19.76,21.332,23.098,24.348,25.547,26.593,27.665,28.716,30.01
History,WUP2009,IRL,Population|Urban|Share,%,45.822,48.709,51.722,53.634,55.333,56.275,56.906,57.92,59.146,60.477,61.941
History,WUP2009,IRN,Population|Urban|Share,%,33.735,37.068,41.212,45.747,49.693,53.395,56.33,60.236,64.2,67.589,70.753
History,WUP2009,IRQ,Population|Urban|Share,%,42.899,50.651,56.154,61.379,65.521,68.767,69.706,68.78,67.83,66.9,66.173
History,WUP2009,ISL,Population|Urban|Share,%,80.3,82.72,84.9,86.669,88.26,89.57,90.75,91.63,92.37,92.911,93.416
History,WUP2009,ISR,Population|Urban|Share,%,76.848,80.94,84.195,86.643,88.583,89.828,90.359,90.866,91.434,91.682,91.853
History,WUP2009,ITA,Population|Urban|Share,%,59.361,61.843,64.272,65.643,66.64,66.826,66.726,66.922,67.222,67.611,68.36
History,WUP2009,JAM,Population|Urban|Share,%,33.769,37.499,41.324,44.013,46.739,48.424,49.444,50.615,51.814,52.027,52.006
History,WUP2009,JOR,Population|Urban|Share,%,50.879,54.262,55.971,57.65,59.939,66.259,72.229,78.206,78.257,78.308,78.527
History,WUP2009,JPN,Population|Urban|Share,%,43.086,47.382,53.204,56.825,59.566,60.555,63.093,64.635,65.216,65.962,66.833
History,WUP2009,KAZ,Population|Urban|Share,%,44.198,47.047,50.236,52.564,54.142,56.01,56.266,55.921,56.278,57.1,58.506
History,WUP2009,KEN,Population|Urban|Share,%,7.362,8.605,10.295,12.914,15.709,16.982,18.224,18.966,19.732,20.743,22.18
History,WUP2009,KGZ,Population|Urban|Share,%,34.181,35.851,37.466,38.186,38.627,38.377,37.777,36.349,35.19,35.089,34.549
History,WUP2009,KHM,Population|Urban|Share,%,10.285,10.83,15.97,4.41,8.972,12.6,12.6,14.157,16.907,18.759,20.108
History,WUP2009,KIR,Population|Urban|Share,%,16.29,19.625,24.088,29.606,32.284,33.541,34.987,36.409,42.958,43.551,43.901
History,WUP2009,KNA,Population|Urban|Share,%,27.644,30.855,34.141,35.027,35.882,35.243,34.609,33.715,32.778,32.182,32.41
History,WUP2009,KOR,Population|Urban|Share,%,27.71,32.351,40.704,48.033,56.72,64.876,73.844,78.239,79.621,81.345,82.958
History,WUP2009,KWT,Population|Urban|Share,%,74.893,79.273,85.661,89.384,94.781,97.904,98.007,98.104,98.199,98.292,98.384
History,WUP2009,LAO,Population|Urban|Share,%,7.946,8.323,9.625,11.081,12.377,13.804,15.437,17.378,21.977,27.386,33.184
History,WUP2009,LBN,Population|Urban|Share,%,42.343,50.935,59.475,66.978,73.672,79.422,83.12,84.82,86,86.601,87.244
History,WUP2009,LBR,Population|Urban|Share,%,18.632,22.108,26.025,30.382,35.167,39.267,40.935,42.624,44.331,46.051,47.815
History,WUP2009,LBY,Population|Urban|Share,%,27.323,33.666,49.671,62.785,70.094,75.45,75.723,75.994,76.37,77.006,77.888
History,WUP2009,LCA,Population|Urban|Share,%,21.46,22.66,23.907,25.2,26.54,27.923,29.349,29.6,27.957,27.6,27.966
History,WUP2009,LIE,Population|Urban|Share,%,20.437,19.471,18.453,18.324,18.274,17.619,16.928,16.482,15.13,14.635,14.307
History,WUP2009,LKA,Population|Urban|Share,%,17.884,19.826,21.89,22.069,21.579,20.13,18.607,17.174,15.829,14.732,14.312
History,WUP2009,LSO,Population|Urban|Share,%,3.415,6.342,8.608,10.822,11.45,11.752,13.967,16.955,19.972,23.276,26.884
History,WUP2009,LTU,Population|Urban|Share,%,39.46,44.45,49.555,55.685,61.158,65.038,67.583,67.285,66.986,66.642,66.984
History,WUP2009,LUX,Population|Urban|Share,%,69.556,71.958,74.374,77.297,80.042,80.669,80.947,82.893,83.752,83.928,85.186
History,WUP2009,LVA,Population|Urban|Share,%,52.867,56.832,60.713,64.157,67.095,68.56,69.25,68.75,68.067,68,67.72
History,WUP2009,MAC,Population|Urban|Share,%,95.289,96.177,97.032,97.891,98.519,99.377,99.763,99.91,100,100,100
History,WUP2009,MAR,Population|Urban|Share,%,29.357,31.862,34.477,37.714,41.21,44.779,48.391,51.692,53.335,55.207,58.239
History,WUP2009,MCO,Population|Urban|Share,%,100,100,100,100,100,100,100,100,100,100,100
History,WUP2009,MDA,Population|Urban|Share,%,23.424,27.566,32.068,36.222,40.387,44.176,46.762,46.294,44.589,43.163,46.95
History,WUP2009,MDG,Population|Urban|Share,%,10.642,12.379,14.1,16.334,18.524,20.933,23.566,25.796,27.121,28.501,30.189
History,WUP2009,MDV,Population|Urban|Share,%,11.173,11.458,11.893,17.304,22.25,25.491,25.84,25.638,27.706,33.75,40.104
History,WUP2009,MEX,Population|Urban|Share,%,50.753,54.931,59.021,62.759,66.339,68.95,71.419,73.368,74.722,76.308,77.828
History,WUP2009,MHL,Population|Urban|Share,%,35.584,42.663,53.492,60.632,58.298,61.945,65.054,66.727,68.364,70.037,71.759
History,WUP2009,MKD,Population|Urban|Share,%,34.02,40.355,47.079,50.569,53.469,55.696,57.789,59.725,59.361,59.068,59.313
History,WUP2009,MLI,Population|Urban|Share,%,11.066,12.608,14.33,16.244,18.484,21.013,23.322,25.519,28.337,31.994,35.857
History,WUP2009,MLT,Population|Urban|Share,%,90.129,89.825,89.699,89.742,89.785,89.828,90.381,90.946,92.368,93.645,94.668
History,WUP2009,MMR,Population|Urban|Share,%,19.226,20.971,22.83,23.922,23.973,24.09,24.709,25.927,27.797,30.396,33.647
History,WUP2009,MNE,Population|Urban|Share,%,18.788,22.566,26.853,31.622,36.813,42.325,48.037,53.365,58.544,61.772,61.458
History,WUP2009,MNG,Population|Urban|Share,%,35.679,42.114,45.052,48.656,52.083,55.04,57.033,56.805,56.856,59.467,62.026
History,WUP2009,MNP,Population|Urban|Share,%,51.219,58.759,70.062,80.554,86.784,88.381,89.731,89.557,90.162,90.766,91.337
History,WUP2009,MOZ,Population|Urban|Share,%,3.667,4.608,5.78,8.695,13.111,16.746,21.096,26.221,30.691,34.5,38.434
History,WUP2009,MRT,Population|Urban|Share,%,6.88,10.09,14.564,20.569,27.371,34.994,39.671,39.83,39.989,40.398,41.434
History,WUP2009,MSR,Population|Urban|Share,%,15.82,13.405,11.425,11.984,12.549,12.549,12.549,12.847,11.016,13.509,14.253
History,WUP2009,MTQ,Population|Urban|Share,%,40.089,49.953,61.018,71.199,79.612,83.82,86.283,88.423,89.713,89.342,89.046
History,WUP2009,MUS,Population|Urban|Share,%,33.177,36.999,42.032,43.443,42.351,42.325,43.9,43.284,42.67,42.18,41.837
History,WUP2009,MWI,Population|Urban|Share,%,4.39,4.908,6.053,7.652,9.05,10.163,11.56,13.263,15.176,17.336,19.769
History,WUP2009,MYS,Population|Urban|Share,%,26.598,29.913,33.454,37.652,42.044,45.893,49.794,55.688,61.977,67.615,72.171
History,WUP2009,MYT,Population|Urban|Share,%,16.333,22.033,25.146,27.544,30.08,32.999,36.057,41.458,47.731,50.232,50.075
History,WUP2009,NAM,Population|Urban|Share,%,17.909,20.035,22.292,23.651,25.066,26.366,27.656,29.813,32.373,35.069,37.977
History,WUP2009,NCL,Population|Urban|Share,%,37.36,44.646,51.232,55.165,57.426,58.834,59.537,60.09,59.204,57.98,57.358
History,WUP2009,NER,Population|Urban|Share,%,5.793,6.809,8.794,11.419,13.443,14.536,15.368,15.773,16.186,16.619,17.109
History,WUP2009,NGA,Population|Urban|Share,%,16.161,20.108,22.706,25.533,28.582,31.837,35.282,38.87,42.516,46.174,49.803
History,WUP2009,NIC,Population|Urban|Share,%,39.581,42.707,47.03,48.737,49.938,51.138,52.337,53.534,54.737,55.933,57.319
History,WUP2009,NIU,Population|Urban|Share,%,21.506,21.509,21.095,23.355,27.031,31.048,30.895,31.452,33.069,35.212,37.542
History,WUP2009,NLD,Population|Urban|Share,%,59.752,60.753,61.663,63.183,64.745,66.719,68.684,72.811,76.799,80.2,82.861
History,WUP2009,NOR,Population|Urban|Share,%,49.92,57.568,65.396,68.187,70.545,71.31,71.956,73.764,76.081,77.49,79.411
History,WUP2009,NPL,Population|Urban|Share,%,3.48,3.737,3.956,4.83,6.091,7.386,8.854,10.895,13.431,15.919,18.621
History,WUP2009,NRU,Population|Urban|Share,%,100,100,100,100,100,100,100,100,100,100,100
History,WUP2009,NZL,Population|Urban|Share,%,75.998,78.891,81.106,82.774,83.428,83.673,84.742,85.333,85.677,86.052,86.2
History,WUP2009,OMN,Population|Urban|Share,%,16.4,22.338,29.665,38.213,47.562,57.079,66.102,71.669,71.569,71.861,73.035
History,WUP2009,PAK,Population|Urban|Share,%,22.104,23.511,24.817,26.341,28.066,29.344,30.576,31.836,33.138,34.481,35.895
History,WUP2009,PAN,Population|Urban|Share,%,41.249,44.431,47.64,49.038,50.446,52.097,53.866,59.974,65.787,70.797,74.799
History,WUP2009,PCN,Population|Urban|Share,%,0,0,0,0,0,0,0,0,0,0,0
History,WUP2009,PER,Population|Urban|Share,%,46.811,51.868,57.406,61.461,64.574,66.864,68.901,70.951,73.042,75.034,76.92
History,WUP2009,PHL,Population|Urban|Share,%,30.297,31.604,32.979,35.56,37.481,43.046,48.59,48.29,47.99,48.103,48.903
History,WUP2009,PLW,Population|Urban|Share,%,56.823,58.276,59.715,61.138,62.542,67.38,69.593,71.431,69.963,77.7,83.386
History,WUP2009,PNG,Population|Urban|Share,%,3.725,5.47,9.796,11.93,13.047,13.998,14.994,14.081,13.204,12.589,12.526
History,WUP2009,POL,Population|Urban|Share,%,47.892,50.126,52.125,55.28,58.086,59.942,61.27,61.493,61.716,61.456,60.958
History,WUP2009,PRI,Population|Urban|Share,%,44.544,51.52,58.326,62.768,66.913,69.152,72.171,87.131,94.647,97.644,98.785
History,WUP2009,PRK,Population|Urban|Share,%,40.195,45.091,54.2,56.7,56.9,57.644,58.384,59.018,59.412,59.805,60.215
History,WUP2009,PRT,Population|Urban|Share,%,34.955,36.866,38.804,40.779,42.785,45.298,47.915,51.109,54.399,57.62,60.703
History,WUP2009,PRY,Population|Urban|Share,%,35.569,36.243,37.065,38.981,41.688,44.983,48.694,52.131,55.331,58.479,61.495
History,WUP2009,PSE,Population|Urban|Share,%,44.044,48.898,54.298,59.6,62.444,65.202,67.864,70.414,71.969,73.061,74.144
History,WUP2009,PYF,Population|Urban|Share,%,42.444,48.209,55.252,56.877,57.397,57.286,55.864,53.548,52.381,51.779,51.443
History,WUP2009,QAT,Population|Urban|Share,%,85.237,87.235,88.382,88.909,89.363,90.1,92.214,94.078,94.945,95.422,95.831
History,WUP2009,REU,Population|Urban|Share,%,32.838,38.154,41.662,44.459,53.48,67.916,81.227,86.119,89.874,92.397,94.014
History,WUP2009,ROU,Population|Urban|Share,%,34.209,37.697,40.319,42.831,46.07,49.641,53.217,53.769,53.004,54.626,57.467
History,WUP2009,RUS,Population|Urban|Share,%,53.731,58.173,62.471,66.427,69.751,71.923,73.394,73.372,73.35,72.93,73.167
History,WUP2009,RWA,Population|Urban|Share,%,2.4,2.769,3.192,3.998,4.721,5.057,5.416,8.294,13.772,17.539,18.854
History,WUP2009,SAU,Population|Urban|Share,%,31.25,38.769,48.669,58.349,65.86,72.647,76.583,78.67,79.848,80.975,82.074
History,WUP2009,SDN,Population|Urban|Share,%,10.746,13.373,16.523,18.943,19.959,22.368,26.618,30.457,33.408,36.508,40.104
History,WUP2009,SEN,Population|Urban|Share,%,23,26.351,30,33.693,35.769,37.549,38.9,39.62,40.345,41.135,42.379
History,WUP2009,SGP,Population|Urban|Share,%,100,100,100,100,100,100,100,100,100,100,100
History,WUP2009,SHN,Population|Urban|Share,%,49.067,47.806,46.548,45.293,44.045,42.804,41.572,40.351,39.691,39.671,39.729
History,WUP2009,SLB,Population|Urban|Share,%,5.768,7.245,8.917,9.125,10.576,12.433,13.677,14.664,15.711,16.962,18.551
History,WUP2009,SLE,Population|Urban|Share,%,17.377,20.221,23.4,26.756,29.105,31.569,32.935,34.208,35.505,36.822,38.395
History,WUP2009,SLV,Population|Urban|Share,%,38.345,38.909,39.402,41.51,44.058,46.636,49.233,53.967,58.912,61.648,64.305
History,WUP2009,SMR,Population|Urban|Share,%,48.9,54.402,59.8,71.484,81.231,88.291,90.4,91.664,93.44,94.019,94.088
History,WUP2009,SOM,Population|Urban|Share,%,17.312,19.964,22.678,25.498,26.763,28.067,29.658,31.425,33.247,35.186,37.448
History,WUP2009,SPM,Population|Urban|Share,%,86.445,87.816,88.443,89.042,89.613,89.435,88.9,88.9,89.107,89.862,90.564
History,WUP2009,SRB,Population|Urban|Share,%,29.064,34.202,39.744,43.128,46.146,48.341,50.393,51.749,52.981,54.433,56.061
History,WUP2009,STP,Population|Urban|Share,%,16.073,21.833,29.518,31.639,33.482,38.049,43.648,48.631,53.424,58.064,62.225
History,WUP2009,SUR,Population|Urban|Share,%,47.26,47.109,45.948,49.469,55,57.532,60.026,62.468,64.85,67.159,69.382
History,WUP2009,SVK,Population|Urban|Share,%,33.464,37.043,41.057,46.257,51.638,54.176,56.491,56.537,56.233,55.595,54.967
History,WUP2009,SVN,Population|Urban|Share,%,28.204,32.497,37.004,42.374,48.045,49.58,50.38,50.616,50.752,50.215,49.505
History,WUP2009,SWE,Population|Urban|Share,%,72.49,77.056,81.034,82.73,83.087,83.1,83.1,83.824,84.026,84.319,84.682
History,WUP2009,SWZ,Population|Urban|Share,%,3.913,6.494,9.705,14.004,17.846,21.804,22.908,23.048,22.638,21.916,21.373
History,WUP2009,SYC,Population|Urban|Share,%,27.673,33.123,39.068,46.266,49.366,49.292,49.293,49.853,51.048,52.875,55.323
History,WUP2009,SYR,Population|Urban|Share,%,36.758,40.006,43.345,45.061,46.708,47.891,48.931,50.104,51.947,53.783,55.741
History,WUP2009,TCA,Population|Urban|Share,%,47.679,49.392,51.106,53.063,55.259,65.439,74.343,79.928,84.55,89.656,93.256
History,WUP2009,TCD,Population|Urban|Share,%,6.695,8.406,11.568,15.566,18.787,19.779,20.811,21.922,23.377,25.261,27.625
History,WUP2009,TGO,Population|Urban|Share,%,10.098,14.95,21.28,22.927,24.663,27.152,30.104,33.238,36.528,39.946,43.441
History,WUP2009,THA,Population|Urban|Share,%,19.672,20.221,20.889,23.758,26.791,28.095,29.424,30.276,31.143,32.303,33.963
History,WUP2009,TJK,Population|Urban|Share,%,33.168,35.152,36.876,35.536,34.289,33.235,31.658,28.877,26.487,26.356,26.319
History,WUP2009,TKL,Population|Urban|Share,%,0,0,0,0,0,0,0,0,0,0,0
History,WUP2009,TKM,Population|Urban|Share,%,46.412,47.139,47.78,47.557,47.078,45.976,45.075,44.784,45.798,47.308,49.502
History,WUP2009,TLS,Population|Urban|Share,%,10.091,11.353,12.886,14.593,16.483,18.563,20.842,22.534,24.263,26.08,28.122
History,WUP2009,TON,Population|Urban|Share,%,17.552,19.499,20.187,20.337,21.154,22.268,22.704,22.864,23.012,23.155,23.428
History,WUP2009,TTO,Population|Urban|Share,%,17.349,14.347,11.876,11.372,10.863,9.597,8.534,9.622,10.833,12.229,13.877
History,WUP2009,TUN,Population|Urban|Share,%,37.511,39.724,43.482,47.588,50.569,53.839,57.946,61.474,63.432,65.349,67.284
History,WUP2009,TUR,Population|Urban|Share,%,31.515,34.227,38.234,41.586,43.78,52.448,59.203,62.123,64.741,67.285,69.649
History,WUP2009,TUV,Population|Urban|Share,%,15.895,18.793,22.081,25.761,29.822,34.251,40.661,43.97,46.018,48.106,50.393
History,WUP2009,TZA,Population|Urban|Share,%,5.246,6.03,7.852,11.146,14.555,16.767,18.884,20.543,22.309,24.202,26.383
History,WUP2009,UGA,Population|Urban|Share,%,4.417,5.509,6.664,7.04,7.534,9.152,11.076,11.663,12.082,12.548,13.295
History,WUP2009,UKR,Population|Urban|Share,%,46.792,50.649,54.831,58.389,61.693,64.681,66.757,66.951,67.145,67.79,68.787
History,WUP2009,URY,Population|Urban|Share,%,80.241,81.328,82.368,83.387,85.394,87.194,88.973,90.542,91.325,91.926,92.479
History,WUP2009,USA,Population|Urban|Share,%,69.996,71.879,73.602,73.653,73.738,74.494,75.3,77.25,79.089,80.773,82.286
History,WUP2009,UZB,Population|Urban|Share,%,33.978,35.289,36.714,39.087,40.782,40.722,40.172,38.44,37.429,36.676,36.247
History,WUP2009,VAT,Population|Urban|Share,%,100,100,100,100,100,100,100,100,100,100,100
History,WUP2009,VCT,Population|Urban|Share,%,25.943,28.252,30.683,33.225,35.87,38.602,41.409,43.38,45.186,47.114,49.329
History,WUP2009,VEN,Population|Urban|Share,%,61.613,67.022,71.852,75.786,79.185,81.925,84.284,87.32,89.889,91.919,93.353
History,WUP2009,VGB,Population|Urban|Share,%,12.228,14.287,16.635,19.47,22.741,29.728,37.814,39.36,39.436,39.896,41.003
History,WUP2009,VIR,Population|Urban|Share,%,56.477,63.279,69.592,75.245,80.147,84.28,87.685,90.437,92.625,94.204,95.27
History,WUP2009,VNM,Population|Urban|Share,%,14.7,16.421,18.3,18.782,19.247,19.561,20.255,22.207,24.488,27.334,30.379
History,WUP2009,VUT,Population|Urban|Share,%,10.404,11.329,12.325,13.395,14.74,16.722,18.715,20.164,21.695,23.453,25.563
History,WUP2009,WLF,Population|Urban|Share,%,0,0,0,0,0,0,0,0,0,0,0
History,WUP2009,WSM,Population|Urban|Share,%,18.926,19.301,20.353,20.992,21.173,21.2,21.2,21.526,21.977,21.218,20.231
History,WUP2009,YEM,Population|Urban|Share,%,9.1,11.026,13.3,14.844,16.534,18.373,20.931,23.76,26.267,28.936,31.803
History,WUP2009,ZAF,Population|Urban|Share,%,46.619,47.248,47.809,48.109,48.425,49.372,52.037,54.486,56.891,59.283,61.702
History,WUP2009,ZMB,Population|Urban|Share,%,18.145,23.372,30.351,34.934,39.815,39.655,39.407,37.104,34.802,35,35.702
History,WUP2009,ZWE,Population|Urban|Share,%,12.608,14.62,17.362,19.873,22.371,25.414,28.988,31.732,33.758,35.873,38.254
