scenario,year,variable,value
SSP1,2013,intercept,-8.28202860483627
SSP1,2014,intercept,-8.28202860483627
SSP1,2015,intercept,-8.28202860483627
SSP1,2016,intercept,-8.28202860483627
SSP1,2017,intercept,-8.28202860483627
SSP1,2018,intercept,-8.28202860483627
SSP1,2019,intercept,-8.28202860483627
SSP1,2020,intercept,-8.28202860483627
SSP1,2021,intercept,-8.28202860483627
SSP1,2022,intercept,-8.28202860483627
SSP1,2023,intercept,-8.28202860483627
SSP1,2024,intercept,-8.28202860483627
SSP1,2025,intercept,-8.28202860483627
SSP1,2026,intercept,-8.28202860483627
SSP1,2027,intercept,-8.28202860483627
SSP1,2028,intercept,-8.28202860483627
SSP1,2029,intercept,-8.28202860483627
SSP1,2030,intercept,-8.28202860483627
SSP1,2031,intercept,-8.28202860483627
SSP1,2032,intercept,-8.28202860483627
SSP1,2033,intercept,-8.28202860483627
SSP1,2034,intercept,-8.28202860483627
SSP1,2035,intercept,-8.28202860483627
SSP1,2036,intercept,-8.28202860483627
SSP1,2037,intercept,-8.28202860483627
SSP1,2038,intercept,-8.28202860483627
SSP1,2039,intercept,-8.28202860483627
SSP1,2040,intercept,-8.28202860483627
SSP1,2041,intercept,-8.28202860483627
SSP1,2042,intercept,-8.28202860483627
SSP1,2043,intercept,-8.28202860483627
SSP1,2044,intercept,-8.28202860483627
SSP1,2045,intercept,-8.28202860483627
SSP1,2046,intercept,-8.28202860483627
SSP1,2047,intercept,-8.28202860483627
SSP1,2048,intercept,-8.28202860483627
SSP1,2049,intercept,-8.28202860483627
SSP1,2050,intercept,-8.28202860483627
SSP1,2051,intercept,-8.28202860483627
SSP1,2052,intercept,-8.28202860483627
SSP1,2053,intercept,-8.28202860483627
SSP1,2054,intercept,-8.28202860483627
SSP1,2055,intercept,-8.28202860483627
SSP1,2056,intercept,-8.28202860483627
SSP1,2057,intercept,-8.28202860483627
SSP1,2058,intercept,-8.28202860483627
SSP1,2059,intercept,-8.28202860483627
SSP1,2060,intercept,-8.28202860483627
SSP1,2061,intercept,-8.28202860483627
SSP1,2062,intercept,-8.28202860483627
SSP1,2063,intercept,-8.28202860483627
SSP1,2064,intercept,-8.28202860483627
SSP1,2065,intercept,-8.28202860483627
SSP1,2066,intercept,-8.28202860483627
SSP1,2067,intercept,-8.28202860483627
SSP1,2068,intercept,-8.28202860483627
SSP1,2069,intercept,-8.28202860483627
SSP1,2070,intercept,-8.28202860483627
SSP1,2071,intercept,-8.28202860483627
SSP1,2072,intercept,-8.28202860483627
SSP1,2073,intercept,-8.28202860483627
SSP1,2074,intercept,-8.28202860483627
SSP1,2075,intercept,-8.28202860483627
SSP1,2076,intercept,-8.28202860483627
SSP1,2077,intercept,-8.28202860483627
SSP1,2078,intercept,-8.28202860483627
SSP1,2079,intercept,-8.28202860483627
SSP1,2080,intercept,-8.28202860483627
SSP1,2081,intercept,-8.28202860483627
SSP1,2082,intercept,-8.28202860483627
SSP1,2083,intercept,-8.28202860483627
SSP1,2084,intercept,-8.28202860483627
SSP1,2085,intercept,-8.28202860483627
SSP1,2086,intercept,-8.28202860483627
SSP1,2087,intercept,-8.28202860483627
SSP1,2088,intercept,-8.28202860483627
SSP1,2089,intercept,-8.28202860483627
SSP1,2090,intercept,-8.28202860483627
SSP1,2091,intercept,-8.28202860483627
SSP1,2092,intercept,-8.28202860483627
SSP1,2093,intercept,-8.28202860483627
SSP1,2094,intercept,-8.28202860483627
SSP1,2095,intercept,-8.28202860483627
SSP1,2096,intercept,-8.28202860483627
SSP1,2097,intercept,-8.28202860483627
SSP1,2098,intercept,-8.28202860483627
SSP1,2099,intercept,-8.28202860483627
SSP1,2100,intercept,-8.28202860483627
SSP2,2013,intercept,-8.28202860483627
SSP2,2014,intercept,-8.28202860483627
SSP2,2015,intercept,-8.28202860483627
SSP2,2016,intercept,-8.28202860483627
SSP2,2017,intercept,-8.28202860483627
SSP2,2018,intercept,-8.28202860483627
SSP2,2019,intercept,-8.28202860483627
SSP2,2020,intercept,-8.28202860483627
SSP2,2021,intercept,-8.28202860483627
SSP2,2022,intercept,-8.28202860483627
SSP2,2023,intercept,-8.28202860483627
SSP2,2024,intercept,-8.28202860483627
SSP2,2025,intercept,-8.28202860483627
SSP2,2026,intercept,-8.28202860483627
SSP2,2027,intercept,-8.28202860483627
SSP2,2028,intercept,-8.28202860483627
SSP2,2029,intercept,-8.28202860483627
SSP2,2030,intercept,-8.28202860483627
SSP2,2031,intercept,-8.28202860483627
SSP2,2032,intercept,-8.28202860483627
SSP2,2033,intercept,-8.28202860483627
SSP2,2034,intercept,-8.28202860483627
SSP2,2035,intercept,-8.28202860483627
SSP2,2036,intercept,-8.28202860483627
SSP2,2037,intercept,-8.28202860483627
SSP2,2038,intercept,-8.28202860483627
SSP2,2039,intercept,-8.28202860483627
SSP2,2040,intercept,-8.28202860483627
SSP2,2041,intercept,-8.28202860483627
SSP2,2042,intercept,-8.28202860483627
SSP2,2043,intercept,-8.28202860483627
SSP2,2044,intercept,-8.28202860483627
SSP2,2045,intercept,-8.28202860483627
SSP2,2046,intercept,-8.28202860483627
SSP2,2047,intercept,-8.28202860483627
SSP2,2048,intercept,-8.28202860483627
SSP2,2049,intercept,-8.28202860483627
SSP2,2050,intercept,-8.28202860483627
SSP2,2051,intercept,-8.28202860483627
SSP2,2052,intercept,-8.28202860483627
SSP2,2053,intercept,-8.28202860483627
SSP2,2054,intercept,-8.28202860483627
SSP2,2055,intercept,-8.28202860483627
SSP2,2056,intercept,-8.28202860483627
SSP2,2057,intercept,-8.28202860483627
SSP2,2058,intercept,-8.28202860483627
SSP2,2059,intercept,-8.28202860483627
SSP2,2060,intercept,-8.28202860483627
SSP2,2061,intercept,-8.28202860483627
SSP2,2062,intercept,-8.28202860483627
SSP2,2063,intercept,-8.28202860483627
SSP2,2064,intercept,-8.28202860483627
SSP2,2065,intercept,-8.28202860483627
SSP2,2066,intercept,-8.28202860483627
SSP2,2067,intercept,-8.28202860483627
SSP2,2068,intercept,-8.28202860483627
SSP2,2069,intercept,-8.28202860483627
SSP2,2070,intercept,-8.28202860483627
SSP2,2071,intercept,-8.28202860483627
SSP2,2072,intercept,-8.28202860483627
SSP2,2073,intercept,-8.28202860483627
SSP2,2074,intercept,-8.28202860483627
SSP2,2075,intercept,-8.28202860483627
SSP2,2076,intercept,-8.28202860483627
SSP2,2077,intercept,-8.28202860483627
SSP2,2078,intercept,-8.28202860483627
SSP2,2079,intercept,-8.28202860483627
SSP2,2080,intercept,-8.28202860483627
SSP2,2081,intercept,-8.28202860483627
SSP2,2082,intercept,-8.28202860483627
SSP2,2083,intercept,-8.28202860483627
SSP2,2084,intercept,-8.28202860483627
SSP2,2085,intercept,-8.28202860483627
SSP2,2086,intercept,-8.28202860483627
SSP2,2087,intercept,-8.28202860483627
SSP2,2088,intercept,-8.28202860483627
SSP2,2089,intercept,-8.28202860483627
SSP2,2090,intercept,-8.28202860483627
SSP2,2091,intercept,-8.28202860483627
SSP2,2092,intercept,-8.28202860483627
SSP2,2093,intercept,-8.28202860483627
SSP2,2094,intercept,-8.28202860483627
SSP2,2095,intercept,-8.28202860483627
SSP2,2096,intercept,-8.28202860483627
SSP2,2097,intercept,-8.28202860483627
SSP2,2098,intercept,-8.28202860483627
SSP2,2099,intercept,-8.28202860483627
SSP2,2100,intercept,-8.28202860483627
SSP3,2013,intercept,-8.28202860483627
SSP3,2014,intercept,-8.28202860483627
SSP3,2015,intercept,-8.28202860483627
SSP3,2016,intercept,-8.28202860483627
SSP3,2017,intercept,-8.28202860483627
SSP3,2018,intercept,-8.28202860483627
SSP3,2019,intercept,-8.28202860483627
SSP3,2020,intercept,-8.28202860483627
SSP3,2021,intercept,-8.28202860483627
SSP3,2022,intercept,-8.28202860483627
SSP3,2023,intercept,-8.28202860483627
SSP3,2024,intercept,-8.28202860483627
SSP3,2025,intercept,-8.28202860483627
SSP3,2026,intercept,-8.28202860483627
SSP3,2027,intercept,-8.28202860483627
SSP3,2028,intercept,-8.28202860483627
SSP3,2029,intercept,-8.28202860483627
SSP3,2030,intercept,-8.28202860483627
SSP3,2031,intercept,-8.28202860483627
SSP3,2032,intercept,-8.28202860483627
SSP3,2033,intercept,-8.28202860483627
SSP3,2034,intercept,-8.28202860483627
SSP3,2035,intercept,-8.28202860483627
SSP3,2036,intercept,-8.28202860483627
SSP3,2037,intercept,-8.28202860483627
SSP3,2038,intercept,-8.28202860483627
SSP3,2039,intercept,-8.28202860483627
SSP3,2040,intercept,-8.28202860483627
SSP3,2041,intercept,-8.28202860483627
SSP3,2042,intercept,-8.28202860483627
SSP3,2043,intercept,-8.28202860483627
SSP3,2044,intercept,-8.28202860483627
SSP3,2045,intercept,-8.28202860483627
SSP3,2046,intercept,-8.28202860483627
SSP3,2047,intercept,-8.28202860483627
SSP3,2048,intercept,-8.28202860483627
SSP3,2049,intercept,-8.28202860483627
SSP3,2050,intercept,-8.28202860483627
SSP3,2051,intercept,-8.28202860483627
SSP3,2052,intercept,-8.28202860483627
SSP3,2053,intercept,-8.28202860483627
SSP3,2054,intercept,-8.28202860483627
SSP3,2055,intercept,-8.28202860483627
SSP3,2056,intercept,-8.28202860483627
SSP3,2057,intercept,-8.28202860483627
SSP3,2058,intercept,-8.28202860483627
SSP3,2059,intercept,-8.28202860483627
SSP3,2060,intercept,-8.28202860483627
SSP3,2061,intercept,-8.28202860483627
SSP3,2062,intercept,-8.28202860483627
SSP3,2063,intercept,-8.28202860483627
SSP3,2064,intercept,-8.28202860483627
SSP3,2065,intercept,-8.28202860483627
SSP3,2066,intercept,-8.28202860483627
SSP3,2067,intercept,-8.28202860483627
SSP3,2068,intercept,-8.28202860483627
SSP3,2069,intercept,-8.28202860483627
SSP3,2070,intercept,-8.28202860483627
SSP3,2071,intercept,-8.28202860483627
SSP3,2072,intercept,-8.28202860483627
SSP3,2073,intercept,-8.28202860483627
SSP3,2074,intercept,-8.28202860483627
SSP3,2075,intercept,-8.28202860483627
SSP3,2076,intercept,-8.28202860483627
SSP3,2077,intercept,-8.28202860483627
SSP3,2078,intercept,-8.28202860483627
SSP3,2079,intercept,-8.28202860483627
SSP3,2080,intercept,-8.28202860483627
SSP3,2081,intercept,-8.28202860483627
SSP3,2082,intercept,-8.28202860483627
SSP3,2083,intercept,-8.28202860483627
SSP3,2084,intercept,-8.28202860483627
SSP3,2085,intercept,-8.28202860483627
SSP3,2086,intercept,-8.28202860483627
SSP3,2087,intercept,-8.28202860483627
SSP3,2088,intercept,-8.28202860483627
SSP3,2089,intercept,-8.28202860483627
SSP3,2090,intercept,-8.28202860483627
SSP3,2091,intercept,-8.28202860483627
SSP3,2092,intercept,-8.28202860483627
SSP3,2093,intercept,-8.28202860483627
SSP3,2094,intercept,-8.28202860483627
SSP3,2095,intercept,-8.28202860483627
SSP3,2096,intercept,-8.28202860483627
SSP3,2097,intercept,-8.28202860483627
SSP3,2098,intercept,-8.28202860483627
SSP3,2099,intercept,-8.28202860483627
SSP3,2100,intercept,-8.28202860483627
SSP5,2013,intercept,-8.28202860483627
SSP5,2014,intercept,-8.28202860483627
SSP5,2015,intercept,-8.28202860483627
SSP5,2016,intercept,-8.28202860483627
SSP5,2017,intercept,-8.28202860483627
SSP5,2018,intercept,-8.28202860483627
SSP5,2019,intercept,-8.28202860483627
SSP5,2020,intercept,-8.28202860483627
SSP5,2021,intercept,-8.28202860483627
SSP5,2022,intercept,-8.28202860483627
SSP5,2023,intercept,-8.28202860483627
SSP5,2024,intercept,-8.28202860483627
SSP5,2025,intercept,-8.28202860483627
SSP5,2026,intercept,-8.28202860483627
SSP5,2027,intercept,-8.28202860483627
SSP5,2028,intercept,-8.28202860483627
SSP5,2029,intercept,-8.28202860483627
SSP5,2030,intercept,-8.28202860483627
SSP5,2031,intercept,-8.28202860483627
SSP5,2032,intercept,-8.28202860483627
SSP5,2033,intercept,-8.28202860483627
SSP5,2034,intercept,-8.28202860483627
SSP5,2035,intercept,-8.28202860483627
SSP5,2036,intercept,-8.28202860483627
SSP5,2037,intercept,-8.28202860483627
SSP5,2038,intercept,-8.28202860483627
SSP5,2039,intercept,-8.28202860483627
SSP5,2040,intercept,-8.28202860483627
SSP5,2041,intercept,-8.28202860483627
SSP5,2042,intercept,-8.28202860483627
SSP5,2043,intercept,-8.28202860483627
SSP5,2044,intercept,-8.28202860483627
SSP5,2045,intercept,-8.28202860483627
SSP5,2046,intercept,-8.28202860483627
SSP5,2047,intercept,-8.28202860483627
SSP5,2048,intercept,-8.28202860483627
SSP5,2049,intercept,-8.28202860483627
SSP5,2050,intercept,-8.28202860483627
SSP5,2051,intercept,-8.28202860483627
SSP5,2052,intercept,-8.28202860483627
SSP5,2053,intercept,-8.28202860483627
SSP5,2054,intercept,-8.28202860483627
SSP5,2055,intercept,-8.28202860483627
SSP5,2056,intercept,-8.28202860483627
SSP5,2057,intercept,-8.28202860483627
SSP5,2058,intercept,-8.28202860483627
SSP5,2059,intercept,-8.28202860483627
SSP5,2060,intercept,-8.28202860483627
SSP5,2061,intercept,-8.28202860483627
SSP5,2062,intercept,-8.28202860483627
SSP5,2063,intercept,-8.28202860483627
SSP5,2064,intercept,-8.28202860483627
SSP5,2065,intercept,-8.28202860483627
SSP5,2066,intercept,-8.28202860483627
SSP5,2067,intercept,-8.28202860483627
SSP5,2068,intercept,-8.28202860483627
SSP5,2069,intercept,-8.28202860483627
SSP5,2070,intercept,-8.28202860483627
SSP5,2071,intercept,-8.28202860483627
SSP5,2072,intercept,-8.28202860483627
SSP5,2073,intercept,-8.28202860483627
SSP5,2074,intercept,-8.28202860483627
SSP5,2075,intercept,-8.28202860483627
SSP5,2076,intercept,-8.28202860483627
SSP5,2077,intercept,-8.28202860483627
SSP5,2078,intercept,-8.28202860483627
SSP5,2079,intercept,-8.28202860483627
SSP5,2080,intercept,-8.28202860483627
SSP5,2081,intercept,-8.28202860483627
SSP5,2082,intercept,-8.28202860483627
SSP5,2083,intercept,-8.28202860483627
SSP5,2084,intercept,-8.28202860483627
SSP5,2085,intercept,-8.28202860483627
SSP5,2086,intercept,-8.28202860483627
SSP5,2087,intercept,-8.28202860483627
SSP5,2088,intercept,-8.28202860483627
SSP5,2089,intercept,-8.28202860483627
SSP5,2090,intercept,-8.28202860483627
SSP5,2091,intercept,-8.28202860483627
SSP5,2092,intercept,-8.28202860483627
SSP5,2093,intercept,-8.28202860483627
SSP5,2094,intercept,-8.28202860483627
SSP5,2095,intercept,-8.28202860483627
SSP5,2096,intercept,-8.28202860483627
SSP5,2097,intercept,-8.28202860483627
SSP5,2098,intercept,-8.28202860483627
SSP5,2099,intercept,-8.28202860483627
SSP5,2100,intercept,-8.28202860483627
SSP1,2013,displacement_beta,3.86395805781743
SSP1,2014,displacement_beta,1.99667278095855
SSP1,2015,displacement_beta,3.04497651385958
SSP1,2016,displacement_beta,2.42915354859384
SSP1,2017,displacement_beta,3.93118222176925
SSP1,2018,displacement_beta,3.23497662221184
SSP1,2019,displacement_beta,2.76002819029221
SSP1,2020,displacement_beta,2.7087266791295
SSP1,2021,displacement_beta,2.83949819022055
SSP1,2022,displacement_beta,2.80013307594717
SSP1,2023,displacement_beta,2.80788089429831
SSP1,2024,displacement_beta,2.92847110568587
SSP1,2025,displacement_beta,3.11090350720986
SSP1,2026,displacement_beta,3.50289276786384
SSP1,2027,displacement_beta,3.53902559683149
SSP1,2028,displacement_beta,3.54775828465582
SSP1,2029,displacement_beta,3.54886535547137
SSP1,2030,displacement_beta,3.55679744532841
SSP1,2031,displacement_beta,3.73655629155349
SSP1,2032,displacement_beta,3.834877892855
SSP1,2033,displacement_beta,3.9126507352252
SSP1,2034,displacement_beta,3.95287998092866
SSP1,2035,displacement_beta,3.93265636776703
SSP1,2036,displacement_beta,4.04462377355049
SSP1,2037,displacement_beta,3.94717327700211
SSP1,2038,displacement_beta,3.80131193085446
SSP1,2039,displacement_beta,3.66795058398167
SSP1,2040,displacement_beta,3.59728813231851
SSP1,2041,displacement_beta,3.73292540783982
SSP1,2042,displacement_beta,3.74103026780668
SSP1,2043,displacement_beta,3.74426178635266
SSP1,2044,displacement_beta,3.72809414306747
SSP1,2045,displacement_beta,3.7089791319757
SSP1,2046,displacement_beta,3.89494039059955
SSP1,2047,displacement_beta,3.90960649406451
SSP1,2048,displacement_beta,3.90976102616536
SSP1,2049,displacement_beta,3.9009310481958
SSP1,2050,displacement_beta,3.88817688449002
SSP1,2051,displacement_beta,4.11023324569025
SSP1,2052,displacement_beta,4.11897574056418
SSP1,2053,displacement_beta,4.12400975042899
SSP1,2054,displacement_beta,4.12991919038732
SSP1,2055,displacement_beta,4.14092249390605
SSP1,2056,displacement_beta,4.36615833592264
SSP1,2057,displacement_beta,4.38021234652725
SSP1,2058,displacement_beta,4.39399607602281
SSP1,2059,displacement_beta,4.40854596045699
SSP1,2060,displacement_beta,4.43603570262905
SSP1,2061,displacement_beta,4.57663929230417
SSP1,2062,displacement_beta,4.55790169236121
SSP1,2063,displacement_beta,4.54362004472096
SSP1,2064,displacement_beta,4.5411416631868
SSP1,2065,displacement_beta,4.54861227240922
SSP1,2066,displacement_beta,4.60284271516724
SSP1,2067,displacement_beta,4.60253440073651
SSP1,2068,displacement_beta,4.61319015596319
SSP1,2069,displacement_beta,4.63056954352783
SSP1,2070,displacement_beta,4.6559215686089
SSP1,2071,displacement_beta,4.68113450211425
SSP1,2072,displacement_beta,4.70573459298828
SSP1,2073,displacement_beta,4.73830277065403
SSP1,2074,displacement_beta,4.77769054794421
SSP1,2075,displacement_beta,4.82107752204521
SSP1,2076,displacement_beta,4.85375523422773
SSP1,2077,displacement_beta,4.90066025830683
SSP1,2078,displacement_beta,4.95064238095693
SSP1,2079,displacement_beta,5.0021232708603
SSP1,2080,displacement_beta,5.05337395955661
SSP1,2081,displacement_beta,5.03252527977864
SSP1,2082,displacement_beta,5.02105825310788
SSP1,2083,displacement_beta,5.01009904563593
SSP1,2084,displacement_beta,5.00027039991563
SSP1,2085,displacement_beta,4.98961790086952
SSP1,2086,displacement_beta,4.9681878677084
SSP1,2087,displacement_beta,4.95845389926078
SSP1,2088,displacement_beta,4.94880936535196
SSP1,2089,displacement_beta,4.93823246519183
SSP1,2090,displacement_beta,4.92763281367329
SSP1,2091,displacement_beta,4.90662410649424
SSP1,2092,displacement_beta,4.89603006919732
SSP1,2093,displacement_beta,4.88528189054121
SSP1,2094,displacement_beta,4.87458735788478
SSP1,2095,displacement_beta,4.86426324266758
SSP1,2096,displacement_beta,4.84231470097471
SSP1,2097,displacement_beta,4.83333470198855
SSP1,2098,displacement_beta,4.82467971172936
SSP1,2099,displacement_beta,4.8162865886086
SSP1,2100,displacement_beta,4.80854795438556
SSP2,2013,displacement_beta,3.87452622575071
SSP2,2014,displacement_beta,2.01237733873682
SSP2,2015,displacement_beta,3.05740018712918
SSP2,2016,displacement_beta,2.42153031114519
SSP2,2017,displacement_beta,3.93140619149613
SSP2,2018,displacement_beta,3.25761298250051
SSP2,2019,displacement_beta,2.77271150743679
SSP2,2020,displacement_beta,2.70638044076485
SSP2,2021,displacement_beta,2.69128727251193
SSP2,2022,displacement_beta,2.65375840510723
SSP2,2023,displacement_beta,2.67127903729081
SSP2,2024,displacement_beta,2.76796949485713
SSP2,2025,displacement_beta,2.96935925736678
SSP2,2026,displacement_beta,3.35005658212556
SSP2,2027,displacement_beta,3.38963728839793
SSP2,2028,displacement_beta,3.40522852882704
SSP2,2029,displacement_beta,3.43019056087755
SSP2,2030,displacement_beta,3.46847715452665
SSP2,2031,displacement_beta,3.67424996940201
SSP2,2032,displacement_beta,3.72627154044483
SSP2,2033,displacement_beta,3.77406870590246
SSP2,2034,displacement_beta,3.80091980743237
SSP2,2035,displacement_beta,3.7839944061904
SSP2,2036,displacement_beta,3.9606564276194
SSP2,2037,displacement_beta,3.8763887191337
SSP2,2038,displacement_beta,3.75080647486242
SSP2,2039,displacement_beta,3.64052834951157
SSP2,2040,displacement_beta,3.55475891546177
SSP2,2041,displacement_beta,3.76482121762817
SSP2,2042,displacement_beta,3.73038750219217
SSP2,2043,displacement_beta,3.69997196568399
SSP2,2044,displacement_beta,3.67953385120231
SSP2,2045,displacement_beta,3.68350260414048
SSP2,2046,displacement_beta,3.97329869876739
SSP2,2047,displacement_beta,3.98163182322174
SSP2,2048,displacement_beta,3.99715712797623
SSP2,2049,displacement_beta,4.02060206415774
SSP2,2050,displacement_beta,4.05016198400647
SSP2,2051,displacement_beta,4.37140514370035
SSP2,2052,displacement_beta,4.38865391934979
SSP2,2053,displacement_beta,4.40751028324099
SSP2,2054,displacement_beta,4.42984610995477
SSP2,2055,displacement_beta,4.46916143467885
SSP2,2056,displacement_beta,4.77977892738714
SSP2,2057,displacement_beta,4.84246236168511
SSP2,2058,displacement_beta,4.91735289303773
SSP2,2059,displacement_beta,5.01270788958413
SSP2,2060,displacement_beta,5.1284222316221
SSP2,2061,displacement_beta,5.48564315473548
SSP2,2062,displacement_beta,5.55044870024195
SSP2,2063,displacement_beta,5.61865759549165
SSP2,2064,displacement_beta,5.69599142996983
SSP2,2065,displacement_beta,5.78538035846309
SSP2,2066,displacement_beta,6.05746104354626
SSP2,2067,displacement_beta,6.12930021884206
SSP2,2068,displacement_beta,6.22587345730546
SSP2,2069,displacement_beta,6.3440804582384
SSP2,2070,displacement_beta,6.48427585424927
SSP2,2071,displacement_beta,6.69802659920865
SSP2,2072,displacement_beta,6.73079346165125
SSP2,2073,displacement_beta,6.76075885016579
SSP2,2074,displacement_beta,6.79701781280935
SSP2,2075,displacement_beta,6.84320759162526
SSP2,2076,displacement_beta,6.96560242245801
SSP2,2077,displacement_beta,6.99568362000771
SSP2,2078,displacement_beta,7.03339805119728
SSP2,2079,displacement_beta,7.0806417350449
SSP2,2080,displacement_beta,7.1274998134945
SSP2,2081,displacement_beta,7.19220221905656
SSP2,2082,displacement_beta,7.20117780436074
SSP2,2083,displacement_beta,7.21564977377356
SSP2,2084,displacement_beta,7.23597937646232
SSP2,2085,displacement_beta,7.25994820321736
SSP2,2086,displacement_beta,7.3025862059525
SSP2,2087,displacement_beta,7.31899396848764
SSP2,2088,displacement_beta,7.34355020229024
SSP2,2089,displacement_beta,7.37435375433634
SSP2,2090,displacement_beta,7.40901343737837
SSP2,2091,displacement_beta,7.44472750906572
SSP2,2092,displacement_beta,7.47323672230149
SSP2,2093,displacement_beta,7.50061374852678
SSP2,2094,displacement_beta,7.52987696293638
SSP2,2095,displacement_beta,7.55981574024439
SSP2,2096,displacement_beta,7.58726124139885
SSP2,2097,displacement_beta,7.61911021315324
SSP2,2098,displacement_beta,7.65151923324285
SSP2,2099,displacement_beta,7.68425367205502
SSP2,2100,displacement_beta,7.72008637064789
SSP3,2013,displacement_beta,3.87750808302193
SSP3,2014,displacement_beta,2.03629338591935
SSP3,2015,displacement_beta,3.07725176665343
SSP3,2016,displacement_beta,2.41632101570028
SSP3,2017,displacement_beta,3.93816276732082
SSP3,2018,displacement_beta,3.28611873795566
SSP3,2019,displacement_beta,2.76507983336584
SSP3,2020,displacement_beta,2.69968971567093
SSP3,2021,displacement_beta,2.55947672269394
SSP3,2022,displacement_beta,2.53952502835861
SSP3,2023,displacement_beta,2.58027361730864
SSP3,2024,displacement_beta,2.71701551952804
SSP3,2025,displacement_beta,2.94678312339402
SSP3,2026,displacement_beta,3.20906296770753
SSP3,2027,displacement_beta,3.27046769706243
SSP3,2028,displacement_beta,3.31718238691055
SSP3,2029,displacement_beta,3.3620052483033
SSP3,2030,displacement_beta,3.39616907903486
SSP3,2031,displacement_beta,3.46731328572863
SSP3,2032,displacement_beta,3.51323757766588
SSP3,2033,displacement_beta,3.566208199063
SSP3,2034,displacement_beta,3.58965581493955
SSP3,2035,displacement_beta,3.57377601575197
SSP3,2036,displacement_beta,3.57474777216128
SSP3,2037,displacement_beta,3.49642733082521
SSP3,2038,displacement_beta,3.44194381544777
SSP3,2039,displacement_beta,3.43123560683293
SSP3,2040,displacement_beta,3.45877742750766
SSP3,2041,displacement_beta,3.528171050365
SSP3,2042,displacement_beta,3.57002069610664
SSP3,2043,displacement_beta,3.62672809560746
SSP3,2044,displacement_beta,3.69022534060405
SSP3,2045,displacement_beta,3.75598377252869
SSP3,2046,displacement_beta,3.84919376493512
SSP3,2047,displacement_beta,3.90970685691162
SSP3,2048,displacement_beta,3.97633659405686
SSP3,2049,displacement_beta,4.04959071175839
SSP3,2050,displacement_beta,4.12791581367986
SSP3,2051,displacement_beta,4.24913032718919
SSP3,2052,displacement_beta,4.3198572897356
SSP3,2053,displacement_beta,4.4017627858842
SSP3,2054,displacement_beta,4.50469526686128
SSP3,2055,displacement_beta,4.62808543451361
SSP3,2056,displacement_beta,4.79979030553038
SSP3,2057,displacement_beta,4.93706369909821
SSP3,2058,displacement_beta,5.08791257157566
SSP3,2059,displacement_beta,5.24590586099772
SSP3,2060,displacement_beta,5.40939230779503
SSP3,2061,displacement_beta,5.65771873653088
SSP3,2062,displacement_beta,5.88164327555594
SSP3,2063,displacement_beta,6.12385749772188
SSP3,2064,displacement_beta,6.36801741859461
SSP3,2065,displacement_beta,6.55481900964944
SSP3,2066,displacement_beta,6.65742640828155
SSP3,2067,displacement_beta,6.76448150154244
SSP3,2068,displacement_beta,6.86667981290111
SSP3,2069,displacement_beta,6.96947386033409
SSP3,2070,displacement_beta,7.06890023896744
SSP3,2071,displacement_beta,7.17049074429828
SSP3,2072,displacement_beta,7.27021258139518
SSP3,2073,displacement_beta,7.36938769841181
SSP3,2074,displacement_beta,7.47095255410039
SSP3,2075,displacement_beta,7.57293961465665
SSP3,2076,displacement_beta,7.69686952680101
SSP3,2077,displacement_beta,7.82110048558107
SSP3,2078,displacement_beta,7.96109139005411
SSP3,2079,displacement_beta,8.1336236027571
SSP3,2080,displacement_beta,8.32865223360204
SSP3,2081,displacement_beta,8.54026108336603
SSP3,2082,displacement_beta,8.7369568141078
SSP3,2083,displacement_beta,8.91768742693543
SSP3,2084,displacement_beta,9.11125781553481
SSP3,2085,displacement_beta,9.33998849181144
SSP3,2086,displacement_beta,9.57441038278836
SSP3,2087,displacement_beta,9.78232852912062
SSP3,2088,displacement_beta,9.97548933777228
SSP3,2089,displacement_beta,10.1712357384114
SSP3,2090,displacement_beta,10.3687128856685
SSP3,2091,displacement_beta,10.591697017092
SSP3,2092,displacement_beta,10.8046786216199
SSP3,2093,displacement_beta,10.9508845871959
SSP3,2094,displacement_beta,11.012378842829
SSP3,2095,displacement_beta,10.9644174118389
SSP3,2096,displacement_beta,10.9424770088986
SSP3,2097,displacement_beta,10.9593120785948
SSP3,2098,displacement_beta,11.0033579190328
SSP3,2099,displacement_beta,11.0853447709946
SSP3,2100,displacement_beta,11.176021654249
SSP5,2013,displacement_beta,3.86778781318441
SSP5,2014,displacement_beta,1.99141577538956
SSP5,2015,displacement_beta,3.04141311406359
SSP5,2016,displacement_beta,2.42658162690189
SSP5,2017,displacement_beta,3.9347673705863
SSP5,2018,displacement_beta,3.25085773859525
SSP5,2019,displacement_beta,2.7721496322427
SSP5,2020,displacement_beta,2.71854344290531
SSP5,2021,displacement_beta,2.91762486106411
SSP5,2022,displacement_beta,2.93021446023512
SSP5,2023,displacement_beta,2.97228599967616
SSP5,2024,displacement_beta,3.04203341702933
SSP5,2025,displacement_beta,3.15077219009223
SSP5,2026,displacement_beta,3.40208623076138
SSP5,2027,displacement_beta,3.47342345704409
SSP5,2028,displacement_beta,3.51705987722879
SSP5,2029,displacement_beta,3.56316996286558
SSP5,2030,displacement_beta,3.61464788879519
SSP5,2031,displacement_beta,3.74627238668436
SSP5,2032,displacement_beta,3.9459723704242
SSP5,2033,displacement_beta,4.10756438268911
SSP5,2034,displacement_beta,4.20119800928491
SSP5,2035,displacement_beta,4.19483358519692
SSP5,2036,displacement_beta,4.19656622776153
SSP5,2037,displacement_beta,4.15455776988204
SSP5,2038,displacement_beta,4.09536434163619
SSP5,2039,displacement_beta,4.05138772703092
SSP5,2040,displacement_beta,4.02869288347397
SSP5,2041,displacement_beta,4.19388739914895
SSP5,2042,displacement_beta,4.27587729436546
SSP5,2043,displacement_beta,4.34598873118775
SSP5,2044,displacement_beta,4.41414779271735
SSP5,2045,displacement_beta,4.46109113439687
SSP5,2046,displacement_beta,4.68889940210554
SSP5,2047,displacement_beta,4.77955806094192
SSP5,2048,displacement_beta,4.88092444930988
SSP5,2049,displacement_beta,4.95928602498413
SSP5,2050,displacement_beta,5.04239571220582
SSP5,2051,displacement_beta,5.38587055293399
SSP5,2052,displacement_beta,5.50770819860526
SSP5,2053,displacement_beta,5.64299535260242
SSP5,2054,displacement_beta,5.77786498496901
SSP5,2055,displacement_beta,5.90461313555792
SSP5,2056,displacement_beta,6.33017605299186
SSP5,2057,displacement_beta,6.41704746915485
SSP5,2058,displacement_beta,6.54188902351848
SSP5,2059,displacement_beta,6.70710483404813
SSP5,2060,displacement_beta,6.8981456698109
SSP5,2061,displacement_beta,7.22004427770162
SSP5,2062,displacement_beta,7.28617113484927
SSP5,2063,displacement_beta,7.33901961266584
SSP5,2064,displacement_beta,7.39719893037064
SSP5,2065,displacement_beta,7.45258474754258
SSP5,2066,displacement_beta,7.59686453790429
SSP5,2067,displacement_beta,7.61573593459019
SSP5,2068,displacement_beta,7.64870092344548
SSP5,2069,displacement_beta,7.68116596229939
SSP5,2070,displacement_beta,7.75317758831618
SSP5,2071,displacement_beta,7.88982062609782
SSP5,2072,displacement_beta,8.01431195813729
SSP5,2073,displacement_beta,8.15850140675997
SSP5,2074,displacement_beta,8.30179422896931
SSP5,2075,displacement_beta,8.42440875855262
SSP5,2076,displacement_beta,8.58042630406501
SSP5,2077,displacement_beta,8.70670761689438
SSP5,2078,displacement_beta,8.83903695839027
SSP5,2079,displacement_beta,8.97602019965318
SSP5,2080,displacement_beta,9.12022977770101
SSP5,2081,displacement_beta,9.41386120907155
SSP5,2082,displacement_beta,9.76495340913456
SSP5,2083,displacement_beta,10.1244257574298
SSP5,2084,displacement_beta,10.3219458364368
SSP5,2085,displacement_beta,10.5196985449122
SSP5,2086,displacement_beta,10.618567054303
SSP5,2087,displacement_beta,10.6712146773107
SSP5,2088,displacement_beta,10.7382586459284
SSP5,2089,displacement_beta,10.7797183235563
SSP5,2090,displacement_beta,10.7863719870861
SSP5,2091,displacement_beta,10.7617893040365
SSP5,2092,displacement_beta,10.7441648478275
SSP5,2093,displacement_beta,10.7266780708612
SSP5,2094,displacement_beta,10.7197892386086
SSP5,2095,displacement_beta,10.6948611897574
SSP5,2096,displacement_beta,10.6062240629588
SSP5,2097,displacement_beta,10.5475557767924
SSP5,2098,displacement_beta,10.4842604421734
SSP5,2099,displacement_beta,10.4236543887899
SSP5,2100,displacement_beta,10.3534022068184
SSP1,2013,tmax_beta,29.145588667997
SSP1,2014,tmax_beta,29.3056915760892
SSP1,2015,tmax_beta,29.4866789152089
SSP1,2016,tmax_beta,29.4770187099019
SSP1,2017,tmax_beta,29.376350459188
SSP1,2018,tmax_beta,29.4484283912758
SSP1,2019,tmax_beta,29.5450278853217
SSP1,2020,tmax_beta,29.5333859765075
SSP1,2021,tmax_beta,29.4538721177125
SSP1,2022,tmax_beta,29.4909813493858
SSP1,2023,tmax_beta,29.5280905810592
SSP1,2024,tmax_beta,29.5651998127325
SSP1,2025,tmax_beta,29.6023090444058
SSP1,2026,tmax_beta,29.6394182760792
SSP1,2027,tmax_beta,29.6765275077525
SSP1,2028,tmax_beta,29.7136367394259
SSP1,2029,tmax_beta,29.7507459710992
SSP1,2030,tmax_beta,29.7878552027726
SSP1,2031,tmax_beta,29.8249644344459
SSP1,2032,tmax_beta,29.8620736661193
SSP1,2033,tmax_beta,29.8991828977926
SSP1,2034,tmax_beta,29.9362921294659
SSP1,2035,tmax_beta,29.9734013611393
SSP1,2036,tmax_beta,30.0105105928126
SSP1,2037,tmax_beta,30.047619824486
SSP1,2038,tmax_beta,30.0847290561593
SSP1,2039,tmax_beta,30.1218382878327
SSP1,2040,tmax_beta,30.158947519506
SSP1,2041,tmax_beta,30.1919433965992
SSP1,2042,tmax_beta,30.2249392736923
SSP1,2043,tmax_beta,30.2579351507855
SSP1,2044,tmax_beta,30.2909310278786
SSP1,2045,tmax_beta,30.3239269049718
SSP1,2046,tmax_beta,30.3569227820649
SSP1,2047,tmax_beta,30.3899186591581
SSP1,2048,tmax_beta,30.4229145362512
SSP1,2049,tmax_beta,30.4559104133444
SSP1,2050,tmax_beta,30.4889062904375
SSP1,2051,tmax_beta,30.5219021675307
SSP1,2052,tmax_beta,30.5548980446238
SSP1,2053,tmax_beta,30.587893921717
SSP1,2054,tmax_beta,30.6208897988102
SSP1,2055,tmax_beta,30.6538856759033
SSP1,2056,tmax_beta,30.6868815529965
SSP1,2057,tmax_beta,30.7198774300896
SSP1,2058,tmax_beta,30.7528733071828
SSP1,2059,tmax_beta,30.7858691842759
SSP1,2060,tmax_beta,30.8188650613691
SSP1,2061,tmax_beta,30.8312826713401
SSP1,2062,tmax_beta,30.8437002813111
SSP1,2063,tmax_beta,30.8561178912821
SSP1,2064,tmax_beta,30.8685355012531
SSP1,2065,tmax_beta,30.8809531112241
SSP1,2066,tmax_beta,30.8933707211951
SSP1,2067,tmax_beta,30.9057883311661
SSP1,2068,tmax_beta,30.9182059411371
SSP1,2069,tmax_beta,30.9306235511081
SSP1,2070,tmax_beta,30.9430411610792
SSP1,2071,tmax_beta,30.9554587710502
SSP1,2072,tmax_beta,30.9678763810212
SSP1,2073,tmax_beta,30.9802939909922
SSP1,2074,tmax_beta,30.9927116009632
SSP1,2075,tmax_beta,31.0051292109342
SSP1,2076,tmax_beta,31.0175468209052
SSP1,2077,tmax_beta,31.0299644308762
SSP1,2078,tmax_beta,31.0423820408472
SSP1,2079,tmax_beta,31.0547996508182
SSP1,2080,tmax_beta,31.0672172607892
SSP1,2081,tmax_beta,31.0664083628197
SSP1,2082,tmax_beta,31.0655994648502
SSP1,2083,tmax_beta,31.0647905668807
SSP1,2084,tmax_beta,31.0639816689112
SSP1,2085,tmax_beta,31.0631727709417
SSP1,2086,tmax_beta,31.0623638729722
SSP1,2087,tmax_beta,31.0615549750028
SSP1,2088,tmax_beta,31.0607460770333
SSP1,2089,tmax_beta,31.0599371790638
SSP1,2090,tmax_beta,31.0591282810943
SSP1,2091,tmax_beta,31.0583193831248
SSP1,2092,tmax_beta,31.0575104851553
SSP1,2093,tmax_beta,31.0567015871858
SSP1,2094,tmax_beta,31.0558926892163
SSP1,2095,tmax_beta,31.0550837912468
SSP1,2096,tmax_beta,31.0542748932773
SSP1,2097,tmax_beta,31.0534659953078
SSP1,2098,tmax_beta,31.0526570973383
SSP1,2099,tmax_beta,31.0518481993688
SSP1,2100,tmax_beta,31.0510393013993
SSP2,2013,tmax_beta,29.145588667997
SSP2,2014,tmax_beta,29.3056915760892
SSP2,2015,tmax_beta,29.4866789152089
SSP2,2016,tmax_beta,29.4770187099019
SSP2,2017,tmax_beta,29.376350459188
SSP2,2018,tmax_beta,29.4484283912758
SSP2,2019,tmax_beta,29.5450278853217
SSP2,2020,tmax_beta,29.5333859765075
SSP2,2021,tmax_beta,29.4538721177125
SSP2,2022,tmax_beta,29.4891975717681
SSP2,2023,tmax_beta,29.5245230258237
SSP2,2024,tmax_beta,29.5598484798793
SSP2,2025,tmax_beta,29.5951739339349
SSP2,2026,tmax_beta,29.6304993879905
SSP2,2027,tmax_beta,29.6658248420461
SSP2,2028,tmax_beta,29.7011502961017
SSP2,2029,tmax_beta,29.7364757501573
SSP2,2030,tmax_beta,29.7718012042129
SSP2,2031,tmax_beta,29.8071266582685
SSP2,2032,tmax_beta,29.8424521123241
SSP2,2033,tmax_beta,29.8777775663797
SSP2,2034,tmax_beta,29.9131030204354
SSP2,2035,tmax_beta,29.9484284744909
SSP2,2036,tmax_beta,29.9837539285466
SSP2,2037,tmax_beta,30.0190793826022
SSP2,2038,tmax_beta,30.0544048366578
SSP2,2039,tmax_beta,30.0897302907134
SSP2,2040,tmax_beta,30.125055744769
SSP2,2041,tmax_beta,30.1728472892109
SSP2,2042,tmax_beta,30.2206388336527
SSP2,2043,tmax_beta,30.2684303780946
SSP2,2044,tmax_beta,30.3162219225365
SSP2,2045,tmax_beta,30.3640134669784
SSP2,2046,tmax_beta,30.4118050114203
SSP2,2047,tmax_beta,30.4595965558621
SSP2,2048,tmax_beta,30.507388100304
SSP2,2049,tmax_beta,30.5551796447459
SSP2,2050,tmax_beta,30.6029711891877
SSP2,2051,tmax_beta,30.6507627336296
SSP2,2052,tmax_beta,30.6985542780715
SSP2,2053,tmax_beta,30.7463458225134
SSP2,2054,tmax_beta,30.7941373669553
SSP2,2055,tmax_beta,30.8419289113971
SSP2,2056,tmax_beta,30.889720455839
SSP2,2057,tmax_beta,30.9375120002809
SSP2,2058,tmax_beta,30.9853035447228
SSP2,2059,tmax_beta,31.0330950891647
SSP2,2060,tmax_beta,31.0808866336065
SSP2,2061,tmax_beta,31.1191838645709
SSP2,2062,tmax_beta,31.1574810955354
SSP2,2063,tmax_beta,31.1957783264998
SSP2,2064,tmax_beta,31.2340755574642
SSP2,2065,tmax_beta,31.2723727884286
SSP2,2066,tmax_beta,31.310670019393
SSP2,2067,tmax_beta,31.3489672503574
SSP2,2068,tmax_beta,31.3872644813218
SSP2,2069,tmax_beta,31.4255617122862
SSP2,2070,tmax_beta,31.4638589432506
SSP2,2071,tmax_beta,31.502156174215
SSP2,2072,tmax_beta,31.5404534051794
SSP2,2073,tmax_beta,31.5787506361439
SSP2,2074,tmax_beta,31.6170478671083
SSP2,2075,tmax_beta,31.6553450980727
SSP2,2076,tmax_beta,31.6936423290371
SSP2,2077,tmax_beta,31.7319395600015
SSP2,2078,tmax_beta,31.7702367909659
SSP2,2079,tmax_beta,31.8085340219303
SSP2,2080,tmax_beta,31.8468312528947
SSP2,2081,tmax_beta,31.8697594196795
SSP2,2082,tmax_beta,31.8926875864644
SSP2,2083,tmax_beta,31.9156157532492
SSP2,2084,tmax_beta,31.938543920034
SSP2,2085,tmax_beta,31.9614720868188
SSP2,2086,tmax_beta,31.9844002536037
SSP2,2087,tmax_beta,32.0073284203885
SSP2,2088,tmax_beta,32.0302565871733
SSP2,2089,tmax_beta,32.0531847539581
SSP2,2090,tmax_beta,32.076112920743
SSP2,2091,tmax_beta,32.0990410875278
SSP2,2092,tmax_beta,32.1219692543126
SSP2,2093,tmax_beta,32.1448974210975
SSP2,2094,tmax_beta,32.1678255878823
SSP2,2095,tmax_beta,32.1907537546671
SSP2,2096,tmax_beta,32.213681921452
SSP2,2097,tmax_beta,32.2366100882368
SSP2,2098,tmax_beta,32.2595382550216
SSP2,2099,tmax_beta,32.2824664218064
SSP2,2100,tmax_beta,32.3053945885913
SSP3,2013,tmax_beta,29.145588667997
SSP3,2014,tmax_beta,29.3056915760892
SSP3,2015,tmax_beta,29.4866789152089
SSP3,2016,tmax_beta,29.4770187099019
SSP3,2017,tmax_beta,29.376350459188
SSP3,2018,tmax_beta,29.4484283912758
SSP3,2019,tmax_beta,29.5450278853217
SSP3,2020,tmax_beta,29.5333859765075
SSP3,2021,tmax_beta,29.4538721177125
SSP3,2022,tmax_beta,29.490833150991
SSP3,2023,tmax_beta,29.5277941842696
SSP3,2024,tmax_beta,29.5647552175481
SSP3,2025,tmax_beta,29.6017162508267
SSP3,2026,tmax_beta,29.6386772841052
SSP3,2027,tmax_beta,29.6756383173838
SSP3,2028,tmax_beta,29.7125993506624
SSP3,2029,tmax_beta,29.7495603839409
SSP3,2030,tmax_beta,29.7865214172195
SSP3,2031,tmax_beta,29.823482450498
SSP3,2032,tmax_beta,29.8604434837766
SSP3,2033,tmax_beta,29.8974045170551
SSP3,2034,tmax_beta,29.9343655503337
SSP3,2035,tmax_beta,29.9713265836123
SSP3,2036,tmax_beta,30.0082876168908
SSP3,2037,tmax_beta,30.0452486501694
SSP3,2038,tmax_beta,30.0822096834479
SSP3,2039,tmax_beta,30.1191707167265
SSP3,2040,tmax_beta,30.156131750005
SSP3,2041,tmax_beta,30.212022515509
SSP3,2042,tmax_beta,30.267913281013
SSP3,2043,tmax_beta,30.323804046517
SSP3,2044,tmax_beta,30.379694812021
SSP3,2045,tmax_beta,30.4355855775249
SSP3,2046,tmax_beta,30.4914763430289
SSP3,2047,tmax_beta,30.5473671085329
SSP3,2048,tmax_beta,30.6032578740369
SSP3,2049,tmax_beta,30.6591486395409
SSP3,2050,tmax_beta,30.7150394050448
SSP3,2051,tmax_beta,30.7709301705488
SSP3,2052,tmax_beta,30.8268209360528
SSP3,2053,tmax_beta,30.8827117015568
SSP3,2054,tmax_beta,30.9386024670607
SSP3,2055,tmax_beta,30.9944932325647
SSP3,2056,tmax_beta,31.0503839980687
SSP3,2057,tmax_beta,31.1062747635727
SSP3,2058,tmax_beta,31.1621655290767
SSP3,2059,tmax_beta,31.2180562945806
SSP3,2060,tmax_beta,31.2739470600846
SSP3,2061,tmax_beta,31.3361042244802
SSP3,2062,tmax_beta,31.3982613888758
SSP3,2063,tmax_beta,31.4604185532713
SSP3,2064,tmax_beta,31.5225757176669
SSP3,2065,tmax_beta,31.5847328820624
SSP3,2066,tmax_beta,31.646890046458
SSP3,2067,tmax_beta,31.7090472108536
SSP3,2068,tmax_beta,31.7712043752491
SSP3,2069,tmax_beta,31.8333615396447
SSP3,2070,tmax_beta,31.8955187040402
SSP3,2071,tmax_beta,31.9576758684358
SSP3,2072,tmax_beta,32.0198330328314
SSP3,2073,tmax_beta,32.0819901972269
SSP3,2074,tmax_beta,32.1441473616225
SSP3,2075,tmax_beta,32.2063045260181
SSP3,2076,tmax_beta,32.2684616904136
SSP3,2077,tmax_beta,32.3306188548092
SSP3,2078,tmax_beta,32.3927760192048
SSP3,2079,tmax_beta,32.4549331836003
SSP3,2080,tmax_beta,32.5170903479959
SSP3,2081,tmax_beta,32.5852988935754
SSP3,2082,tmax_beta,32.6535074391548
SSP3,2083,tmax_beta,32.7217159847343
SSP3,2084,tmax_beta,32.7899245303138
SSP3,2085,tmax_beta,32.8581330758933
SSP3,2086,tmax_beta,32.9263416214728
SSP3,2087,tmax_beta,32.9945501670522
SSP3,2088,tmax_beta,33.0627587126317
SSP3,2089,tmax_beta,33.1309672582112
SSP3,2090,tmax_beta,33.1991758037907
SSP3,2091,tmax_beta,33.2673843493702
SSP3,2092,tmax_beta,33.3355928949497
SSP3,2093,tmax_beta,33.4038014405291
SSP3,2094,tmax_beta,33.4720099861086
SSP3,2095,tmax_beta,33.5402185316881
SSP3,2096,tmax_beta,33.6084270772676
SSP3,2097,tmax_beta,33.6766356228471
SSP3,2098,tmax_beta,33.7448441684266
SSP3,2099,tmax_beta,33.813052714006
SSP3,2100,tmax_beta,33.8812612595855
SSP5,2013,tmax_beta,29.145588667997
SSP5,2014,tmax_beta,29.3056915760892
SSP5,2015,tmax_beta,29.4866789152089
SSP5,2016,tmax_beta,29.4770187099019
SSP5,2017,tmax_beta,29.376350459188
SSP5,2018,tmax_beta,29.4484283912758
SSP5,2019,tmax_beta,29.5450278853217
SSP5,2020,tmax_beta,29.5333859765075
SSP5,2021,tmax_beta,29.4538721177125
SSP5,2022,tmax_beta,29.496995542661
SSP5,2023,tmax_beta,29.5401189676095
SSP5,2024,tmax_beta,29.5832423925579
SSP5,2025,tmax_beta,29.6263658175064
SSP5,2026,tmax_beta,29.6694892424549
SSP5,2027,tmax_beta,29.7126126674034
SSP5,2028,tmax_beta,29.7557360923519
SSP5,2029,tmax_beta,29.7988595173004
SSP5,2030,tmax_beta,29.8419829422489
SSP5,2031,tmax_beta,29.8851063671974
SSP5,2032,tmax_beta,29.9282297921459
SSP5,2033,tmax_beta,29.9713532170944
SSP5,2034,tmax_beta,30.0144766420429
SSP5,2035,tmax_beta,30.0576000669914
SSP5,2036,tmax_beta,30.1007234919399
SSP5,2037,tmax_beta,30.1438469168884
SSP5,2038,tmax_beta,30.1869703418369
SSP5,2039,tmax_beta,30.2300937667854
SSP5,2040,tmax_beta,30.2732171917338
SSP5,2041,tmax_beta,30.3354972287048
SSP5,2042,tmax_beta,30.3977772656757
SSP5,2043,tmax_beta,30.4600573026466
SSP5,2044,tmax_beta,30.5223373396175
SSP5,2045,tmax_beta,30.5846173765884
SSP5,2046,tmax_beta,30.6468974135593
SSP5,2047,tmax_beta,30.7091774505302
SSP5,2048,tmax_beta,30.7714574875011
SSP5,2049,tmax_beta,30.833737524472
SSP5,2050,tmax_beta,30.8960175614429
SSP5,2051,tmax_beta,30.9582975984138
SSP5,2052,tmax_beta,31.0205776353847
SSP5,2053,tmax_beta,31.0828576723556
SSP5,2054,tmax_beta,31.1451377093265
SSP5,2055,tmax_beta,31.2074177462974
SSP5,2056,tmax_beta,31.2696977832683
SSP5,2057,tmax_beta,31.3319778202393
SSP5,2058,tmax_beta,31.3942578572102
SSP5,2059,tmax_beta,31.4565378941811
SSP5,2060,tmax_beta,31.518817931152
SSP5,2061,tmax_beta,31.6023725004548
SSP5,2062,tmax_beta,31.6859270697577
SSP5,2063,tmax_beta,31.7694816390605
SSP5,2064,tmax_beta,31.8530362083633
SSP5,2065,tmax_beta,31.9365907776661
SSP5,2066,tmax_beta,32.020145346969
SSP5,2067,tmax_beta,32.1036999162718
SSP5,2068,tmax_beta,32.1872544855746
SSP5,2069,tmax_beta,32.2708090548775
SSP5,2070,tmax_beta,32.3543636241803
SSP5,2071,tmax_beta,32.4379181934831
SSP5,2072,tmax_beta,32.521472762786
SSP5,2073,tmax_beta,32.6050273320888
SSP5,2074,tmax_beta,32.6885819013916
SSP5,2075,tmax_beta,32.7721364706945
SSP5,2076,tmax_beta,32.8556910399973
SSP5,2077,tmax_beta,32.9392456093001
SSP5,2078,tmax_beta,33.022800178603
SSP5,2079,tmax_beta,33.1063547479058
SSP5,2080,tmax_beta,33.1899093172086
SSP5,2081,tmax_beta,33.2846527905471
SSP5,2082,tmax_beta,33.3793962638857
SSP5,2083,tmax_beta,33.4741397372242
SSP5,2084,tmax_beta,33.5688832105627
SSP5,2085,tmax_beta,33.6636266839013
SSP5,2086,tmax_beta,33.7583701572398
SSP5,2087,tmax_beta,33.8531136305783
SSP5,2088,tmax_beta,33.9478571039169
SSP5,2089,tmax_beta,34.0426005772554
SSP5,2090,tmax_beta,34.1373440505939
SSP5,2091,tmax_beta,34.2320875239325
SSP5,2092,tmax_beta,34.326830997271
SSP5,2093,tmax_beta,34.4215744706095
SSP5,2094,tmax_beta,34.5163179439481
SSP5,2095,tmax_beta,34.6110614172866
SSP5,2096,tmax_beta,34.7058048906251
SSP5,2097,tmax_beta,34.8005483639637
SSP5,2098,tmax_beta,34.8952918373022
SSP5,2099,tmax_beta,34.9900353106407
SSP5,2100,tmax_beta,35.0847787839793
SSP1,2013,prec_beta,-9.86015627129552
SSP1,2014,prec_beta,-9.63203939700942
SSP1,2015,prec_beta,-9.25767875278532
SSP1,2016,prec_beta,-9.81035325409167
SSP1,2017,prec_beta,-9.96592964229289
SSP1,2018,prec_beta,-9.69433776898317
SSP1,2019,prec_beta,-9.69599568505997
SSP1,2020,prec_beta,-9.84980811831544
SSP1,2021,prec_beta,-9.90066172514494
SSP1,2022,prec_beta,-9.91143633768039
SSP1,2023,prec_beta,-9.92221095021585
SSP1,2024,prec_beta,-9.93298556275131
SSP1,2025,prec_beta,-9.94376017528676
SSP1,2026,prec_beta,-9.95453478782222
SSP1,2027,prec_beta,-9.96530940035767
SSP1,2028,prec_beta,-9.97608401289313
SSP1,2029,prec_beta,-9.98685862542858
SSP1,2030,prec_beta,-9.99763323796403
SSP1,2031,prec_beta,-10.0084078504995
SSP1,2032,prec_beta,-10.0191824630349
SSP1,2033,prec_beta,-10.0299570755704
SSP1,2034,prec_beta,-10.0407316881059
SSP1,2035,prec_beta,-10.0515063006413
SSP1,2036,prec_beta,-10.0622809131768
SSP1,2037,prec_beta,-10.0730555257122
SSP1,2038,prec_beta,-10.0838301382477
SSP1,2039,prec_beta,-10.0946047507831
SSP1,2040,prec_beta,-10.1053793633186
SSP1,2041,prec_beta,-10.1097803307906
SSP1,2042,prec_beta,-10.1141812982625
SSP1,2043,prec_beta,-10.1185822657345
SSP1,2044,prec_beta,-10.1229832332064
SSP1,2045,prec_beta,-10.1273842006784
SSP1,2046,prec_beta,-10.1317851681504
SSP1,2047,prec_beta,-10.1361861356223
SSP1,2048,prec_beta,-10.1405871030943
SSP1,2049,prec_beta,-10.1449880705663
SSP1,2050,prec_beta,-10.1493890380382
SSP1,2051,prec_beta,-10.1537900055102
SSP1,2052,prec_beta,-10.1581909729822
SSP1,2053,prec_beta,-10.1625919404541
SSP1,2054,prec_beta,-10.1669929079261
SSP1,2055,prec_beta,-10.171393875398
SSP1,2056,prec_beta,-10.17579484287
SSP1,2057,prec_beta,-10.180195810342
SSP1,2058,prec_beta,-10.1845967778139
SSP1,2059,prec_beta,-10.1889977452859
SSP1,2060,prec_beta,-10.1933987127578
SSP1,2061,prec_beta,-10.1934324423487
SSP1,2062,prec_beta,-10.1934661719395
SSP1,2063,prec_beta,-10.1934999015304
SSP1,2064,prec_beta,-10.1935336311212
SSP1,2065,prec_beta,-10.1935673607121
SSP1,2066,prec_beta,-10.1936010903029
SSP1,2067,prec_beta,-10.1936348198937
SSP1,2068,prec_beta,-10.1936685494846
SSP1,2069,prec_beta,-10.1937022790754
SSP1,2070,prec_beta,-10.1937360086663
SSP1,2071,prec_beta,-10.1937697382571
SSP1,2072,prec_beta,-10.193803467848
SSP1,2073,prec_beta,-10.1938371974388
SSP1,2074,prec_beta,-10.1938709270296
SSP1,2075,prec_beta,-10.1939046566205
SSP1,2076,prec_beta,-10.1939383862113
SSP1,2077,prec_beta,-10.1939721158022
SSP1,2078,prec_beta,-10.194005845393
SSP1,2079,prec_beta,-10.1940395749839
SSP1,2080,prec_beta,-10.1940733045747
SSP1,2081,prec_beta,-10.1994677891362
SSP1,2082,prec_beta,-10.2048622736977
SSP1,2083,prec_beta,-10.2102567582592
SSP1,2084,prec_beta,-10.2156512428207
SSP1,2085,prec_beta,-10.2210457273822
SSP1,2086,prec_beta,-10.2264402119437
SSP1,2087,prec_beta,-10.2318346965052
SSP1,2088,prec_beta,-10.2372291810667
SSP1,2089,prec_beta,-10.2426236656282
SSP1,2090,prec_beta,-10.2480181501897
SSP1,2091,prec_beta,-10.2534126347512
SSP1,2092,prec_beta,-10.2588071193127
SSP1,2093,prec_beta,-10.2642016038742
SSP1,2094,prec_beta,-10.2695960884357
SSP1,2095,prec_beta,-10.2749905729973
SSP1,2096,prec_beta,-10.2803850575588
SSP1,2097,prec_beta,-10.2857795421203
SSP1,2098,prec_beta,-10.2911740266818
SSP1,2099,prec_beta,-10.2965685112433
SSP1,2100,prec_beta,-10.3019629958048
SSP2,2013,prec_beta,-9.86015627129552
SSP2,2014,prec_beta,-9.63203939700942
SSP2,2015,prec_beta,-9.25767875278532
SSP2,2016,prec_beta,-9.81035325409167
SSP2,2017,prec_beta,-9.96592964229289
SSP2,2018,prec_beta,-9.69433776898317
SSP2,2019,prec_beta,-9.69599568505997
SSP2,2020,prec_beta,-9.84980811831544
SSP2,2021,prec_beta,-9.90066172514494
SSP2,2022,prec_beta,-9.90825237437953
SSP2,2023,prec_beta,-9.91584302361412
SSP2,2024,prec_beta,-9.92343367284871
SSP2,2025,prec_beta,-9.93102432208331
SSP2,2026,prec_beta,-9.9386149713179
SSP2,2027,prec_beta,-9.9462056205525
SSP2,2028,prec_beta,-9.95379626978708
SSP2,2029,prec_beta,-9.96138691902168
SSP2,2030,prec_beta,-9.96897756825626
SSP2,2031,prec_beta,-9.97656821749087
SSP2,2032,prec_beta,-9.98415886672545
SSP2,2033,prec_beta,-9.99174951596004
SSP2,2034,prec_beta,-9.99934016519464
SSP2,2035,prec_beta,-10.0069308144292
SSP2,2036,prec_beta,-10.0145214636638
SSP2,2037,prec_beta,-10.0221121128984
SSP2,2038,prec_beta,-10.029702762133
SSP2,2039,prec_beta,-10.0372934113676
SSP2,2040,prec_beta,-10.0448840606022
SSP2,2041,prec_beta,-10.0522095619343
SSP2,2042,prec_beta,-10.0595350632664
SSP2,2043,prec_beta,-10.0668605645984
SSP2,2044,prec_beta,-10.0741860659305
SSP2,2045,prec_beta,-10.0815115672626
SSP2,2046,prec_beta,-10.0888370685946
SSP2,2047,prec_beta,-10.0961625699267
SSP2,2048,prec_beta,-10.1034880712588
SSP2,2049,prec_beta,-10.1108135725909
SSP2,2050,prec_beta,-10.1181390739229
SSP2,2051,prec_beta,-10.125464575255
SSP2,2052,prec_beta,-10.1327900765871
SSP2,2053,prec_beta,-10.1401155779192
SSP2,2054,prec_beta,-10.1474410792512
SSP2,2055,prec_beta,-10.1547665805833
SSP2,2056,prec_beta,-10.1620920819154
SSP2,2057,prec_beta,-10.1694175832475
SSP2,2058,prec_beta,-10.1767430845795
SSP2,2059,prec_beta,-10.1840685859116
SSP2,2060,prec_beta,-10.1913940872437
SSP2,2061,prec_beta,-10.1964757278567
SSP2,2062,prec_beta,-10.2015573684696
SSP2,2063,prec_beta,-10.2066390090826
SSP2,2064,prec_beta,-10.2117206496956
SSP2,2065,prec_beta,-10.2168022903085
SSP2,2066,prec_beta,-10.2218839309215
SSP2,2067,prec_beta,-10.2269655715345
SSP2,2068,prec_beta,-10.2320472121474
SSP2,2069,prec_beta,-10.2371288527604
SSP2,2070,prec_beta,-10.2422104933734
SSP2,2071,prec_beta,-10.2472921339863
SSP2,2072,prec_beta,-10.2523737745993
SSP2,2073,prec_beta,-10.2574554152123
SSP2,2074,prec_beta,-10.2625370558252
SSP2,2075,prec_beta,-10.2676186964382
SSP2,2076,prec_beta,-10.2727003370512
SSP2,2077,prec_beta,-10.2777819776641
SSP2,2078,prec_beta,-10.2828636182771
SSP2,2079,prec_beta,-10.2879452588901
SSP2,2080,prec_beta,-10.293026899503
SSP2,2081,prec_beta,-10.2925733640566
SSP2,2082,prec_beta,-10.2921198286101
SSP2,2083,prec_beta,-10.2916662931636
SSP2,2084,prec_beta,-10.2912127577171
SSP2,2085,prec_beta,-10.2907592222706
SSP2,2086,prec_beta,-10.2903056868241
SSP2,2087,prec_beta,-10.2898521513777
SSP2,2088,prec_beta,-10.2893986159312
SSP2,2089,prec_beta,-10.2889450804847
SSP2,2090,prec_beta,-10.2884915450382
SSP2,2091,prec_beta,-10.2880380095917
SSP2,2092,prec_beta,-10.2875844741452
SSP2,2093,prec_beta,-10.2871309386987
SSP2,2094,prec_beta,-10.2866774032523
SSP2,2095,prec_beta,-10.2862238678058
SSP2,2096,prec_beta,-10.2857703323593
SSP2,2097,prec_beta,-10.2853167969128
SSP2,2098,prec_beta,-10.2848632614663
SSP2,2099,prec_beta,-10.2844097260198
SSP2,2100,prec_beta,-10.2839561905733
SSP3,2013,prec_beta,-9.86015627129552
SSP3,2014,prec_beta,-9.63203939700942
SSP3,2015,prec_beta,-9.25767875278532
SSP3,2016,prec_beta,-9.81035325409167
SSP3,2017,prec_beta,-9.96592964229289
SSP3,2018,prec_beta,-9.69433776898317
SSP3,2019,prec_beta,-9.69599568505997
SSP3,2020,prec_beta,-9.84980811831544
SSP3,2021,prec_beta,-9.90066172514494
SSP3,2022,prec_beta,-9.90776012012429
SSP3,2023,prec_beta,-9.91485851510367
SSP3,2024,prec_beta,-9.92195691008302
SSP3,2025,prec_beta,-9.92905530506239
SSP3,2026,prec_beta,-9.93615370004175
SSP3,2027,prec_beta,-9.94325209502111
SSP3,2028,prec_beta,-9.95035049000047
SSP3,2029,prec_beta,-9.95744888497984
SSP3,2030,prec_beta,-9.9645472799592
SSP3,2031,prec_beta,-9.97164567493856
SSP3,2032,prec_beta,-9.97874406991792
SSP3,2033,prec_beta,-9.98584246489728
SSP3,2034,prec_beta,-9.99294085987665
SSP3,2035,prec_beta,-10.000039254856
SSP3,2036,prec_beta,-10.0071376498354
SSP3,2037,prec_beta,-10.0142360448147
SSP3,2038,prec_beta,-10.0213344397941
SSP3,2039,prec_beta,-10.0284328347735
SSP3,2040,prec_beta,-10.0355312297528
SSP3,2041,prec_beta,-10.038530760502
SSP3,2042,prec_beta,-10.0415302912511
SSP3,2043,prec_beta,-10.0445298220003
SSP3,2044,prec_beta,-10.0475293527495
SSP3,2045,prec_beta,-10.0505288834986
SSP3,2046,prec_beta,-10.0535284142478
SSP3,2047,prec_beta,-10.056527944997
SSP3,2048,prec_beta,-10.0595274757461
SSP3,2049,prec_beta,-10.0625270064953
SSP3,2050,prec_beta,-10.0655265372445
SSP3,2051,prec_beta,-10.0685260679936
SSP3,2052,prec_beta,-10.0715255987428
SSP3,2053,prec_beta,-10.074525129492
SSP3,2054,prec_beta,-10.0775246602411
SSP3,2055,prec_beta,-10.0805241909903
SSP3,2056,prec_beta,-10.0835237217395
SSP3,2057,prec_beta,-10.0865232524886
SSP3,2058,prec_beta,-10.0895227832378
SSP3,2059,prec_beta,-10.092522313987
SSP3,2060,prec_beta,-10.0955218447361
SSP3,2061,prec_beta,-10.098067746461
SSP3,2062,prec_beta,-10.1006136481858
SSP3,2063,prec_beta,-10.1031595499106
SSP3,2064,prec_beta,-10.1057054516355
SSP3,2065,prec_beta,-10.1082513533603
SSP3,2066,prec_beta,-10.1107972550852
SSP3,2067,prec_beta,-10.11334315681
SSP3,2068,prec_beta,-10.1158890585348
SSP3,2069,prec_beta,-10.1184349602597
SSP3,2070,prec_beta,-10.1209808619845
SSP3,2071,prec_beta,-10.1235267637093
SSP3,2072,prec_beta,-10.1260726654342
SSP3,2073,prec_beta,-10.128618567159
SSP3,2074,prec_beta,-10.1311644688838
SSP3,2075,prec_beta,-10.1337103706087
SSP3,2076,prec_beta,-10.1362562723335
SSP3,2077,prec_beta,-10.1388021740583
SSP3,2078,prec_beta,-10.1413480757832
SSP3,2079,prec_beta,-10.143893977508
SSP3,2080,prec_beta,-10.1464398792329
SSP3,2081,prec_beta,-10.1439850648881
SSP3,2082,prec_beta,-10.1415302505433
SSP3,2083,prec_beta,-10.1390754361986
SSP3,2084,prec_beta,-10.1366206218538
SSP3,2085,prec_beta,-10.134165807509
SSP3,2086,prec_beta,-10.1317109931642
SSP3,2087,prec_beta,-10.1292561788195
SSP3,2088,prec_beta,-10.1268013644747
SSP3,2089,prec_beta,-10.1243465501299
SSP3,2090,prec_beta,-10.1218917357851
SSP3,2091,prec_beta,-10.1194369214404
SSP3,2092,prec_beta,-10.1169821070956
SSP3,2093,prec_beta,-10.1145272927508
SSP3,2094,prec_beta,-10.112072478406
SSP3,2095,prec_beta,-10.1096176640613
SSP3,2096,prec_beta,-10.1071628497165
SSP3,2097,prec_beta,-10.1047080353717
SSP3,2098,prec_beta,-10.1022532210269
SSP3,2099,prec_beta,-10.0997984066822
SSP3,2100,prec_beta,-10.0973435923374
SSP5,2013,prec_beta,-9.86015627129552
SSP5,2014,prec_beta,-9.63203939700942
SSP5,2015,prec_beta,-9.25767875278532
SSP5,2016,prec_beta,-9.81035325409167
SSP5,2017,prec_beta,-9.96592964229289
SSP5,2018,prec_beta,-9.69433776898317
SSP5,2019,prec_beta,-9.69599568505997
SSP5,2020,prec_beta,-9.84980811831544
SSP5,2021,prec_beta,-9.90066172514494
SSP5,2022,prec_beta,-9.90548758505697
SSP5,2023,prec_beta,-9.910313444969
SSP5,2024,prec_beta,-9.91513930488102
SSP5,2025,prec_beta,-9.91996516479306
SSP5,2026,prec_beta,-9.92479102470509
SSP5,2027,prec_beta,-9.92961688461711
SSP5,2028,prec_beta,-9.93444274452914
SSP5,2029,prec_beta,-9.93926860444117
SSP5,2030,prec_beta,-9.9440944643532
SSP5,2031,prec_beta,-9.94892032426523
SSP5,2032,prec_beta,-9.95374618417726
SSP5,2033,prec_beta,-9.95857204408929
SSP5,2034,prec_beta,-9.96339790400132
SSP5,2035,prec_beta,-9.96822376391335
SSP5,2036,prec_beta,-9.97304962382537
SSP5,2037,prec_beta,-9.97787548373741
SSP5,2038,prec_beta,-9.98270134364944
SSP5,2039,prec_beta,-9.98752720356146
SSP5,2040,prec_beta,-9.9923530634735
SSP5,2041,prec_beta,-9.99313564198403
SSP5,2042,prec_beta,-9.99391822049456
SSP5,2043,prec_beta,-9.99470079900509
SSP5,2044,prec_beta,-9.99548337751562
SSP5,2045,prec_beta,-9.99626595602615
SSP5,2046,prec_beta,-9.99704853453668
SSP5,2047,prec_beta,-9.99783111304722
SSP5,2048,prec_beta,-9.99861369155776
SSP5,2049,prec_beta,-9.99939627006829
SSP5,2050,prec_beta,-10.0001788485788
SSP5,2051,prec_beta,-10.0009614270894
SSP5,2052,prec_beta,-10.0017440055999
SSP5,2053,prec_beta,-10.0025265841104
SSP5,2054,prec_beta,-10.003309162621
SSP5,2055,prec_beta,-10.0040917411315
SSP5,2056,prec_beta,-10.004874319642
SSP5,2057,prec_beta,-10.0056568981525
SSP5,2058,prec_beta,-10.0064394766631
SSP5,2059,prec_beta,-10.0072220551736
SSP5,2060,prec_beta,-10.0080046336841
SSP5,2061,prec_beta,-10.0090565664321
SSP5,2062,prec_beta,-10.01010849918
SSP5,2063,prec_beta,-10.011160431928
SSP5,2064,prec_beta,-10.0122123646759
SSP5,2065,prec_beta,-10.0132642974238
SSP5,2066,prec_beta,-10.0143162301718
SSP5,2067,prec_beta,-10.0153681629197
SSP5,2068,prec_beta,-10.0164200956676
SSP5,2069,prec_beta,-10.0174720284156
SSP5,2070,prec_beta,-10.0185239611635
SSP5,2071,prec_beta,-10.0195758939115
SSP5,2072,prec_beta,-10.0206278266594
SSP5,2073,prec_beta,-10.0216797594073
SSP5,2074,prec_beta,-10.0227316921553
SSP5,2075,prec_beta,-10.0237836249032
SSP5,2076,prec_beta,-10.0248355576512
SSP5,2077,prec_beta,-10.0258874903991
SSP5,2078,prec_beta,-10.026939423147
SSP5,2079,prec_beta,-10.027991355895
SSP5,2080,prec_beta,-10.0290432886429
SSP5,2081,prec_beta,-10.0287899197052
SSP5,2082,prec_beta,-10.0285365507675
SSP5,2083,prec_beta,-10.0282831818298
SSP5,2084,prec_beta,-10.0280298128921
SSP5,2085,prec_beta,-10.0277764439545
SSP5,2086,prec_beta,-10.0275230750168
SSP5,2087,prec_beta,-10.0272697060791
SSP5,2088,prec_beta,-10.0270163371414
SSP5,2089,prec_beta,-10.0267629682037
SSP5,2090,prec_beta,-10.026509599266
SSP5,2091,prec_beta,-10.0262562303283
SSP5,2092,prec_beta,-10.0260028613906
SSP5,2093,prec_beta,-10.0257494924529
SSP5,2094,prec_beta,-10.0254961235152
SSP5,2095,prec_beta,-10.0252427545775
SSP5,2096,prec_beta,-10.0249893856398
SSP5,2097,prec_beta,-10.0247360167021
SSP5,2098,prec_beta,-10.0244826477644
SSP5,2099,prec_beta,-10.0242292788267
SSP5,2100,prec_beta,-10.023975909889
SSP1,2013,conflict_beta,2.17871975780144
SSP1,2014,conflict_beta,2.36069439957419
SSP1,2015,conflict_beta,2.59462922519913
SSP1,2016,conflict_beta,2.30192622790391
SSP1,2017,conflict_beta,2.5381498287441
SSP1,2018,conflict_beta,2.43425270455698
SSP1,2019,conflict_beta,2.30450732539979
SSP1,2020,conflict_beta,2.31601872112161
SSP1,2021,conflict_beta,2.19143790639172
SSP1,2022,conflict_beta,2.2441347361973
SSP1,2023,conflict_beta,2.29461650674742
SSP1,2024,conflict_beta,2.33847903557158
SSP1,2025,conflict_beta,2.38338727823175
SSP1,2026,conflict_beta,2.25661467341523
SSP1,2027,conflict_beta,2.33144344141776
SSP1,2028,conflict_beta,2.39546318682066
SSP1,2029,conflict_beta,2.44610517315335
SSP1,2030,conflict_beta,2.49249572636979
SSP1,2031,conflict_beta,2.42378674038118
SSP1,2032,conflict_beta,2.50897865401984
SSP1,2033,conflict_beta,2.57845655139793
SSP1,2034,conflict_beta,2.63113918728086
SSP1,2035,conflict_beta,2.67519314794087
SSP1,2036,conflict_beta,2.62746027199216
SSP1,2037,conflict_beta,2.66190982403934
SSP1,2038,conflict_beta,2.6789898105769
SSP1,2039,conflict_beta,2.69588796880221
SSP1,2040,conflict_beta,2.7136467007796
SSP1,2041,conflict_beta,2.69471602298771
SSP1,2042,conflict_beta,2.70502517843273
SSP1,2043,conflict_beta,2.71549889846721
SSP1,2044,conflict_beta,2.72637655664562
SSP1,2045,conflict_beta,2.73840358016929
SSP1,2046,conflict_beta,2.7227743834913
SSP1,2047,conflict_beta,2.7361562923238
SSP1,2048,conflict_beta,2.74994104201899
SSP1,2049,conflict_beta,2.7654780611951
SSP1,2050,conflict_beta,2.78429290261872
SSP1,2051,conflict_beta,2.77669177660306
SSP1,2052,conflict_beta,2.79562734477677
SSP1,2053,conflict_beta,2.81864613914629
SSP1,2054,conflict_beta,2.84444649301774
SSP1,2055,conflict_beta,2.87145813495454
SSP1,2056,conflict_beta,2.86346412889333
SSP1,2057,conflict_beta,2.89349764995474
SSP1,2058,conflict_beta,2.92837354104352
SSP1,2059,conflict_beta,2.96472948099392
SSP1,2060,conflict_beta,3.00213214650288
SSP1,2061,conflict_beta,3.00026760970503
SSP1,2062,conflict_beta,3.02306727119454
SSP1,2063,conflict_beta,3.04427610906686
SSP1,2064,conflict_beta,3.06407029528145
SSP1,2065,conflict_beta,3.08200513930313
SSP1,2066,conflict_beta,3.12292025471174
SSP1,2067,conflict_beta,3.1448964141724
SSP1,2068,conflict_beta,3.1653772172123
SSP1,2069,conflict_beta,3.18434202281762
SSP1,2070,conflict_beta,3.2022654329697
SSP1,2071,conflict_beta,3.27789495905321
SSP1,2072,conflict_beta,3.29691084316379
SSP1,2073,conflict_beta,3.31422940042215
SSP1,2074,conflict_beta,3.33023291100627
SSP1,2075,conflict_beta,3.34544835093943
SSP1,2076,conflict_beta,3.40022541721401
SSP1,2077,conflict_beta,3.41425148848018
SSP1,2078,conflict_beta,3.42775139446809
SSP1,2079,conflict_beta,3.44094996628017
SSP1,2080,conflict_beta,3.45412223439033
SSP1,2081,conflict_beta,3.49516862522681
SSP1,2082,conflict_beta,3.49464394123183
SSP1,2083,conflict_beta,3.49381153006913
SSP1,2084,conflict_beta,3.4925420952278
SSP1,2085,conflict_beta,3.49121926533053
SSP1,2086,conflict_beta,3.53304353470921
SSP1,2087,conflict_beta,3.53134323312699
SSP1,2088,conflict_beta,3.52928155807963
SSP1,2089,conflict_beta,3.52702192246811
SSP1,2090,conflict_beta,3.52436392322118
SSP1,2091,conflict_beta,3.56820776257465
SSP1,2092,conflict_beta,3.56583512155544
SSP1,2093,conflict_beta,3.5635446478277
SSP1,2094,conflict_beta,3.56121787654466
SSP1,2095,conflict_beta,3.5589277092557
SSP1,2096,conflict_beta,3.6190391047631
SSP1,2097,conflict_beta,3.61688092536154
SSP1,2098,conflict_beta,3.6142170012362
SSP1,2099,conflict_beta,3.61145726801246
SSP1,2100,conflict_beta,3.60882851005746
SSP2,2013,conflict_beta,2.16908822736801
SSP2,2014,conflict_beta,2.35124024029517
SSP2,2015,conflict_beta,2.58808731546354
SSP2,2016,conflict_beta,2.29190933353648
SSP2,2017,conflict_beta,2.53880909306143
SSP2,2018,conflict_beta,2.4310883647358
SSP2,2019,conflict_beta,2.29668362901691
SSP2,2020,conflict_beta,2.31178650799863
SSP2,2021,conflict_beta,2.24896895521835
SSP2,2022,conflict_beta,2.29686001347689
SSP2,2023,conflict_beta,2.33649524828046
SSP2,2024,conflict_beta,2.37262800587067
SSP2,2025,conflict_beta,2.40972794410779
SSP2,2026,conflict_beta,2.37560791208041
SSP2,2027,conflict_beta,2.41977134932395
SSP2,2028,conflict_beta,2.46120826870832
SSP2,2029,conflict_beta,2.50067743233703
SSP2,2030,conflict_beta,2.53403020929159
SSP2,2031,conflict_beta,2.53469125492079
SSP2,2032,conflict_beta,2.58925747306781
SSP2,2033,conflict_beta,2.63879217852689
SSP2,2034,conflict_beta,2.68763758765203
SSP2,2035,conflict_beta,2.72873316048881
SSP2,2036,conflict_beta,2.68870627858452
SSP2,2037,conflict_beta,2.72349237403737
SSP2,2038,conflict_beta,2.74334907638173
SSP2,2039,conflict_beta,2.75321867388328
SSP2,2040,conflict_beta,2.75879719160896
SSP2,2041,conflict_beta,2.72444889580991
SSP2,2042,conflict_beta,2.7413329877439
SSP2,2043,conflict_beta,2.75697201323034
SSP2,2044,conflict_beta,2.77283583621264
SSP2,2045,conflict_beta,2.78970178897061
SSP2,2046,conflict_beta,2.77294704639485
SSP2,2047,conflict_beta,2.78938099468343
SSP2,2048,conflict_beta,2.80850568634204
SSP2,2049,conflict_beta,2.83002461978826
SSP2,2050,conflict_beta,2.85269644892018
SSP2,2051,conflict_beta,2.83356463351362
SSP2,2052,conflict_beta,2.85830799742342
SSP2,2053,conflict_beta,2.88813924211647
SSP2,2054,conflict_beta,2.92325479253959
SSP2,2055,conflict_beta,2.96393981273961
SSP2,2056,conflict_beta,2.9483143263345
SSP2,2057,conflict_beta,2.99845821228748
SSP2,2058,conflict_beta,3.05607259070188
SSP2,2059,conflict_beta,3.1183829528814
SSP2,2060,conflict_beta,3.18125911131188
SSP2,2061,conflict_beta,3.17486765637791
SSP2,2062,conflict_beta,3.2269614630861
SSP2,2063,conflict_beta,3.27389139982747
SSP2,2064,conflict_beta,3.31472306070619
SSP2,2065,conflict_beta,3.34995600957955
SSP2,2066,conflict_beta,3.34804681217922
SSP2,2067,conflict_beta,3.38458324780965
SSP2,2068,conflict_beta,3.41564636402858
SSP2,2069,conflict_beta,3.44394514215554
SSP2,2070,conflict_beta,3.46993240255878
SSP2,2071,conflict_beta,3.47774011900074
SSP2,2072,conflict_beta,3.50463353220403
SSP2,2073,conflict_beta,3.52910192418707
SSP2,2074,conflict_beta,3.55199989067052
SSP2,2075,conflict_beta,3.57486314593189
SSP2,2076,conflict_beta,3.59394477710186
SSP2,2077,conflict_beta,3.6218687842136
SSP2,2078,conflict_beta,3.64993128672361
SSP2,2079,conflict_beta,3.67765982524977
SSP2,2080,conflict_beta,3.70513634358881
SSP2,2081,conflict_beta,3.7187866635351
SSP2,2082,conflict_beta,3.7382816446666
SSP2,2083,conflict_beta,3.75660194550221
SSP2,2084,conflict_beta,3.77227445425796
SSP2,2085,conflict_beta,3.78607025419126
SSP2,2086,conflict_beta,3.79238500900385
SSP2,2087,conflict_beta,3.80759125477493
SSP2,2088,conflict_beta,3.82536606581988
SSP2,2089,conflict_beta,3.84362723820546
SSP2,2090,conflict_beta,3.86270756692341
SSP2,2091,conflict_beta,3.87567174022526
SSP2,2092,conflict_beta,3.89673619617946
SSP2,2093,conflict_beta,3.91844481229432
SSP2,2094,conflict_beta,3.94030738963395
SSP2,2095,conflict_beta,3.96145758627798
SSP2,2096,conflict_beta,3.97772665807656
SSP2,2097,conflict_beta,3.99826220711178
SSP2,2098,conflict_beta,4.01792567072617
SSP2,2099,conflict_beta,4.03760393924626
SSP2,2100,conflict_beta,4.05671899137749
SSP3,2013,conflict_beta,2.16342520678871
SSP3,2014,conflict_beta,2.34462689649678
SSP3,2015,conflict_beta,2.58463891289156
SSP3,2016,conflict_beta,2.28042705946401
SSP3,2017,conflict_beta,2.53733097600344
SSP3,2018,conflict_beta,2.43121765028261
SSP3,2019,conflict_beta,2.28460963788587
SSP3,2020,conflict_beta,2.30772247285714
SSP3,2021,conflict_beta,2.28473367709687
SSP3,2022,conflict_beta,2.32298794478616
SSP3,2023,conflict_beta,2.35551227235317
SSP3,2024,conflict_beta,2.3869860794982
SSP3,2025,conflict_beta,2.41525803740525
SSP3,2026,conflict_beta,2.41669305699705
SSP3,2027,conflict_beta,2.45581006819973
SSP3,2028,conflict_beta,2.49017075530028
SSP3,2029,conflict_beta,2.52382948773039
SSP3,2030,conflict_beta,2.55640948565344
SSP3,2031,conflict_beta,2.64615381578282
SSP3,2032,conflict_beta,2.68732466027608
SSP3,2033,conflict_beta,2.72820948467317
SSP3,2034,conflict_beta,2.77018290803452
SSP3,2035,conflict_beta,2.80664962809728
SSP3,2036,conflict_beta,2.81995658642397
SSP3,2037,conflict_beta,2.83985314143551
SSP3,2038,conflict_beta,2.85136702313055
SSP3,2039,conflict_beta,2.85667400315907
SSP3,2040,conflict_beta,2.86365121629319
SSP3,2041,conflict_beta,2.87263637980232
SSP3,2042,conflict_beta,2.8855928520703
SSP3,2043,conflict_beta,2.89922611398887
SSP3,2044,conflict_beta,2.91330966377222
SSP3,2045,conflict_beta,2.92661234923445
SSP3,2046,conflict_beta,2.9619454394411
SSP3,2047,conflict_beta,2.9806089148474
SSP3,2048,conflict_beta,3.00272869417418
SSP3,2049,conflict_beta,3.02952960575937
SSP3,2050,conflict_beta,3.06291035255528
SSP3,2051,conflict_beta,3.11315344473298
SSP3,2052,conflict_beta,3.16399097147635
SSP3,2053,conflict_beta,3.21692631791227
SSP3,2054,conflict_beta,3.27021436811147
SSP3,2055,conflict_beta,3.32718526149097
SSP3,2056,conflict_beta,3.35783299796276
SSP3,2057,conflict_beta,3.41463375635686
SSP3,2058,conflict_beta,3.45835526168135
SSP3,2059,conflict_beta,3.49195745289702
SSP3,2060,conflict_beta,3.51745989444475
SSP3,2061,conflict_beta,3.52125530255077
SSP3,2062,conflict_beta,3.54781113338855
SSP3,2063,conflict_beta,3.57539893757566
SSP3,2064,conflict_beta,3.60379381142103
SSP3,2065,conflict_beta,3.63384130347533
SSP3,2066,conflict_beta,3.64917353387627
SSP3,2067,conflict_beta,3.69094468916142
SSP3,2068,conflict_beta,3.7355452753846
SSP3,2069,conflict_beta,3.77995027639746
SSP3,2070,conflict_beta,3.82448848496854
SSP3,2071,conflict_beta,3.85488390138484
SSP3,2072,conflict_beta,3.90522184292952
SSP3,2073,conflict_beta,3.95496546709951
SSP3,2074,conflict_beta,4.00510144813496
SSP3,2075,conflict_beta,4.05339075368626
SSP3,2076,conflict_beta,4.08886887754814
SSP3,2077,conflict_beta,4.13451223718042
SSP3,2078,conflict_beta,4.17786471230788
SSP3,2079,conflict_beta,4.21888103984932
SSP3,2080,conflict_beta,4.25730321810737
SSP3,2081,conflict_beta,4.29297034468036
SSP3,2082,conflict_beta,4.3302622763832
SSP3,2083,conflict_beta,4.36444594226033
SSP3,2084,conflict_beta,4.39477628851177
SSP3,2085,conflict_beta,4.42136064210157
SSP3,2086,conflict_beta,4.4322212682857
SSP3,2087,conflict_beta,4.45165456105141
SSP3,2088,conflict_beta,4.47307793853616
SSP3,2089,conflict_beta,4.49914326490354
SSP3,2090,conflict_beta,4.52535509067459
SSP3,2091,conflict_beta,4.53515663640895
SSP3,2092,conflict_beta,4.55789807335701
SSP3,2093,conflict_beta,4.58261808548034
SSP3,2094,conflict_beta,4.6124966580432
SSP3,2095,conflict_beta,4.64655282864019
SSP3,2096,conflict_beta,4.66781946296496
SSP3,2097,conflict_beta,4.68344439158099
SSP3,2098,conflict_beta,4.69194972919801
SSP3,2099,conflict_beta,4.70066030046818
SSP3,2100,conflict_beta,4.71082236116252
SSP5,2013,conflict_beta,2.1787796739571
SSP5,2014,conflict_beta,2.36029874064271
SSP5,2015,conflict_beta,2.5960006235064
SSP5,2016,conflict_beta,2.30093473008264
SSP5,2017,conflict_beta,2.53368942401819
SSP5,2018,conflict_beta,2.43459715244487
SSP5,2019,conflict_beta,2.30881103468602
SSP5,2020,conflict_beta,2.31766317773933
SSP5,2021,conflict_beta,2.14781364835047
SSP5,2022,conflict_beta,2.2099296300815
SSP5,2023,conflict_beta,2.26700182679335
SSP5,2024,conflict_beta,2.3188571696027
SSP5,2025,conflict_beta,2.36942370992909
SSP5,2026,conflict_beta,2.22418854308882
SSP5,2027,conflict_beta,2.2875039523505
SSP5,2028,conflict_beta,2.37272811343614
SSP5,2029,conflict_beta,2.44218972012753
SSP5,2030,conflict_beta,2.4948517917755
SSP5,2031,conflict_beta,2.39297542921487
SSP5,2032,conflict_beta,2.48405866813494
SSP5,2033,conflict_beta,2.55960184632424
SSP5,2034,conflict_beta,2.6131084907498
SSP5,2035,conflict_beta,2.65827979003587
SSP5,2036,conflict_beta,2.58217603496359
SSP5,2037,conflict_beta,2.63644130526762
SSP5,2038,conflict_beta,2.67445897733786
SSP5,2039,conflict_beta,2.70750182942087
SSP5,2040,conflict_beta,2.73303278398696
SSP5,2041,conflict_beta,2.71042885582884
SSP5,2042,conflict_beta,2.7397086950927
SSP5,2043,conflict_beta,2.76737490714112
SSP5,2044,conflict_beta,2.78822691825428
SSP5,2045,conflict_beta,2.80244937207426
SSP5,2046,conflict_beta,2.81194899943951
SSP5,2047,conflict_beta,2.83214304729291
SSP5,2048,conflict_beta,2.85157516811597
SSP5,2049,conflict_beta,2.87527252777303
SSP5,2050,conflict_beta,2.90591084882699
SSP5,2051,conflict_beta,2.93385180961846
SSP5,2052,conflict_beta,2.97243060054516
SSP5,2053,conflict_beta,3.021685357253
SSP5,2054,conflict_beta,3.0811714703415
SSP5,2055,conflict_beta,3.1560136312408
SSP5,2056,conflict_beta,3.19568480998892
SSP5,2057,conflict_beta,3.26804310825995
SSP5,2058,conflict_beta,3.34510963537772
SSP5,2059,conflict_beta,3.41919492493474
SSP5,2060,conflict_beta,3.47902818739712
SSP5,2061,conflict_beta,3.50600560886236
SSP5,2062,conflict_beta,3.57163556125893
SSP5,2063,conflict_beta,3.62674082202327
SSP5,2064,conflict_beta,3.67834481365871
SSP5,2065,conflict_beta,3.73050658713606
SSP5,2066,conflict_beta,3.76927346592472
SSP5,2067,conflict_beta,3.8197898493944
SSP5,2068,conflict_beta,3.87889445879533
SSP5,2069,conflict_beta,3.94075511546952
SSP5,2070,conflict_beta,3.99892546929985
SSP5,2071,conflict_beta,4.06565359711357
SSP5,2072,conflict_beta,4.10844000269083
SSP5,2073,conflict_beta,4.1455092822734
SSP5,2074,conflict_beta,4.18255270189137
SSP5,2075,conflict_beta,4.2131606471351
SSP5,2076,conflict_beta,4.26043747864265
SSP5,2077,conflict_beta,4.28823488244716
SSP5,2078,conflict_beta,4.30966412058524
SSP5,2079,conflict_beta,4.33102253642876
SSP5,2080,conflict_beta,4.36029982878986
SSP5,2081,conflict_beta,4.41806142155753
SSP5,2082,conflict_beta,4.46516928790463
SSP5,2083,conflict_beta,4.49964907572874
SSP5,2084,conflict_beta,4.52256990614061
SSP5,2085,conflict_beta,4.54293364399638
SSP5,2086,conflict_beta,4.57000425569846
SSP5,2087,conflict_beta,4.58662874593744
SSP5,2088,conflict_beta,4.59976401562123
SSP5,2089,conflict_beta,4.6141971740907
SSP5,2090,conflict_beta,4.63902999367889
SSP5,2091,conflict_beta,4.68046810454924
SSP5,2092,conflict_beta,4.71972148058036
SSP5,2093,conflict_beta,4.76179900551879
SSP5,2094,conflict_beta,4.80914677234158
SSP5,2095,conflict_beta,4.86102939853345
SSP5,2096,conflict_beta,4.934667413333
SSP5,2097,conflict_beta,4.99957782343114
SSP5,2098,conflict_beta,5.06071741969936
SSP5,2099,conflict_beta,5.11428790651379
SSP5,2100,conflict_beta,5.15826856928614
