scenario,year,historical_humanitarian_needs,humanitarian_needs,intercept,displaced_persons,displacement_beta,tmax,prec,tmax_beta,prec_beta,conflict,conflict_beta,humanitarian_needs_label
SSP1,2013,10957813875,17.0460816074841,-8282028604.83627,26653349.9765625,3863958057.81743,4744.11100382109,174897.633521158,29145588667.997,-9860156271.29552,28.5270885025368,2178719757.80144,1.08274887509485
SSP1,2014,17386435740,15.7489907547763,-8282028604.83627,13772928.59375,1996672780.95855,4770.17141305407,170851.338474595,29305691576.0892,-9632039397.00942,30.9097752581328,2360694399.57419,1.00035905120426
SSP1,2015,16751791268,17.586577296646,-8282028604.83627,21004064.609375,3044976513.85958,4799.63124098381,164210.998407281,29486678915.2089,-9257678752.78532,33.9728031902623,2594629225.19913,1.11708058327914
SSP1,2016,20863791077,16.1157166274718,-8282028604.83627,16756154.8828125,2429153548.59384,4798.05882167816,174014.236786714,29477018709.9019,-9810353254.09167,30.1402936263776,2301926227.90391,1.02365308647128
SSP1,2017,20087890503,17.5977242625722,-8282028604.83627,27117058.2109375,3931182221.76925,4781.67276197672,176773.822069087,29376350459.188,-9965929642.29289,33.2332896592204,2538149828.7441,1.11778862663451
SSP1,2018,22952441203,17.1412913442252,-8282028604.83627,22314673.9140625,3234976622.21184,4793.40509357055,171956.375507542,29448428391.2758,-9694337768.98317,31.8729116453744,2434252704.55698,1.08879649575797
SSP1,2019,22757028597,16.6315391111174,-8282028604.83627,19038508.234375,2760028190.29221,4809.12887008737,171985.783317158,29545027885.3217,-9695995685.05997,30.1740892517374,2304507325.39979,1.05641757902603
SSP1,2020,24991858668,16.4262946536069,-8282028604.83627,18684633.5,2708726679.1295,4807.23388322194,174714.079892013,29533385976.5075,-9849808118.31544,30.324813824445,2316018721.12161,1.04338067056776
SSP1,2021,25842821986,16.3021178843435,-8282028604.83627,19586687.5078125,2839498190.22055,4794.29118452531,175616.111791486,29453872117.7125,-9900661725.14494,28.6936137057551,2191437906.39172,1.03549309497538
SSP1,2022,33503635306,16.3417842190136,-8282028604.83627,19315149.3203125,2800133075.94717,4800.3315605263,175807.229881576,29490981349.3858,-9911436337.68039,29.3836001632993,2244134736.1973,1.03801265813554
SSP1,2023,0,16.4263484270528,-8282028604.83627,19368593.3046875,2807880894.29831,4806.37193652729,175998.347971666,29528090581.0592,-9922210950.21585,30.0445837207721,2294616506.74742,1.04338408619954
SSP1,2024,0,16.6171357864024,-8282028604.83627,20200417.3203125,2928471105.68587,4812.41231252828,176189.466061756,29565199812.7325,-9932985562.75131,30.6188981718306,2338479035.57158,1.05550269524265
SSP1,2025,0,16.8708110497244,-8282028604.83627,21458825.0390625,3110903507.20986,4818.45268852927,176380.584151846,29602309044.4058,-9943760175.28676,31.2069046872499,2383387278.23175,1.07161587669549
SSP1,2026,0,17.1623623246998,-8282028604.83627,24162743.3515625,3502892767.86384,4824.49306453026,176571.702241936,29639418276.0792,-9954534787.82222,29.5470063435788,2256614673.41523,1.09013490190498
SSP1,2027,0,17.2996585408078,-8282028604.83627,24411985.4296875,3539025596.83149,4830.53344053125,176762.820332025,29676527507.7525,-9965309400.35767,30.5267775508211,2331443441.41776,1.09885581073136
SSP1,2028,0,17.398745593173,-8282028604.83627,24472222.984375,3547758284.65582,4836.57381653224,176953.938422116,29713636739.4259,-9976084012.89313,31.3650207147154,2395463186.82066,1.10514971433661
SSP1,2029,0,17.4768292694591,-8282028604.83627,24479859.4921875,3548865355.47137,4842.61419253322,177145.056512206,29750745971.0992,-9986858625.42858,32.0281020591077,2446105173.15335,1.11010950595376
SSP1,2030,0,17.5574865316705,-8282028604.83627,24534574.5703125,3556797445.32841,4848.65456853422,177336.174602296,29787855202.7726,-9997633237.96404,32.6355172223238,2492495726.36979,1.11523276899676
SSP1,2031,0,17.6948710110448,-8282028604.83627,25774540.265625,3736556291.55349,4854.6949445352,177527.292692385,29824964434.4459,-10008407850.4995,31.735875440861,2423786740.38118,1.12395928421142
SSP1,2032,0,17.9047191451229,-8282028604.83627,26452756.75,3834877892.855,4860.73532053619,177718.410782475,29862073666.1192,-10019182463.0349,32.8513365970599,2508978654.01985,1.13728861328222
SSP1,2033,0,18.0783045040091,-8282028604.83627,26989229.1328125,3912650735.2252,4866.77569653718,177909.528872565,29899182897.7926,-10029957075.5704,33.7610461273369,2578456551.39793,1.14831456965124
SSP1,2034,0,18.1975510047333,-8282028604.83627,27266728.046875,3952879980.92866,4872.81607253817,178100.646962655,29936292129.4659,-10040731688.1059,34.4508467366158,2631139187.28086,1.15588897985831
SSP1,2035,0,18.2477159713696,-8282028604.83627,27127226.78125,3932656367.76703,4878.85644853916,178291.765052745,29973401361.1393,-10051506300.6413,35.0276677022931,2675193147.94087,1.159075404894
SSP1,2036,0,18.3382851203422,-8282028604.83627,27899571.203125,4044623773.55049,4884.89682454015,178482.883142835,30010510592.8126,-10062280913.1768,34.4026768232259,2627460271.99216,1.16482826038458
SSP1,2037,0,18.3016187949789,-8282028604.83627,27227363.546875,3947173277.00211,4890.93720054114,178674.001232925,30047619824.486,-10073055525.7122,34.8537423705978,2661909824.03934,1.16249925460746
SSP1,2038,0,18.1991720545067,-8282028604.83627,26221220.765625,3801311930.85446,4896.97757654212,178865.119323015,30084729056.1593,-10083830138.2477,35.0773793417293,2678989810.5769,1.15599194720641
SSP1,2039,0,18.1090434849971,-8282028604.83627,25301302.2265625,3667950583.98167,4903.01795254311,179056.237413105,30121838287.8327,-10094604750.7831,35.2986355420723,2695887968.80221,1.15026707685218
SSP1,2040,0,18.0824743844493,-8282028604.83627,24813876.890625,3597288132.31851,4909.0583285441,179247.355503195,30158947519.506,-10105379363.3186,35.5311596732727,2713646700.77961,1.14857943599765
SSP1,2041,0,18.2277758917999,-8282028604.83627,25749494.6484375,3732925407.83982,4914.42916203048,179325.419052582,30191943396.5992,-10109780330.7906,35.2832906580638,2694716022.98771,1.15780883236311
SSP1,2042,0,18.274784816833,-8282028604.83627,25805401.484375,3741030267.80668,4919.79999551686,179403.482601969,30224939273.6923,-10114181298.2625,35.4182736859239,2705025178.43273,1.16079478901115
SSP1,2043,0,18.3170849650346,-8282028604.83627,25827692.3046875,3744261786.35266,4925.17082900325,179481.546151357,30257935150.7855,-10118582265.7345,35.5554114418489,2715498898.46721,1.1634816491903
SSP1,2044,0,18.340389889549,-8282028604.83627,25716168.875,3728094143.06747,4930.54166248963,179559.609700744,30290931027.8786,-10122983233.2064,35.6978381658204,2726376556.64562,1.16496195307381
SSP1,2045,0,18.3618968116021,-8282028604.83627,25584314.6796875,3708979131.9757,4935.91249597601,179637.673250131,30323926904.9718,-10127384200.6784,35.8553141162052,2738403580.16929,1.16632804976371
SSP1,2046,0,18.5608237831691,-8282028604.83627,26867064.2421875,3894940390.59956,4941.28332946239,179715.736799519,30356922782.0649,-10131785168.1504,35.6506730763192,2722774383.4913,1.1789636782706
SSP1,2047,0,18.6174667050878,-8282028604.83627,26968230.140625,3909606494.06451,4946.65416294877,179793.800348906,30389918659.1581,-10136186135.6223,35.8258892307745,2736156292.3238,1.18256157609848
SSP1,2048,0,18.660000896505,-8282028604.83627,26969296.09375,3909761026.16536,4952.02499643515,179871.863898293,30422914536.2512,-10140587103.0943,36.0063799860137,2749941042.01899,1.1852633024524
SSP1,2049,0,18.6953028473328,-8282028604.83627,26908387.4375,3900931048.1958,4957.39582992153,179949.92744768,30455910413.3444,-10144988070.5663,36.2098140988752,2765478061.1951,1.18750564461804
SSP1,2050,0,18.7299584346718,-8282028604.83627,26820409.984375,3888176884.49002,4962.76666340791,180027.990997067,30488906290.4375,-10149389038.0382,36.4561664094609,2784292902.61872,1.18970693046608
SSP1,2051,0,18.9730085794776,-8282028604.83627,28352141.390625,4110233245.69025,4968.13749689429,180106.054546454,30521902167.5307,-10153790005.5102,36.3566409914756,2776691776.60306,1.20514521575298
SSP1,2052,0,19.0292815521464,-8282028604.83627,28412446.59375,4118975740.56418,4973.50833038067,180184.118095842,30554898044.6238,-10158190972.9822,36.6045740389468,2795627344.77677,1.20871961480013
SSP1,2053,0,19.0859292660019,-8282028604.83627,28447170.890625,4124009750.42899,4978.87916386705,180262.181645229,30587893921.717,-10162591940.4541,36.9059708486327,2818646139.14629,1.21231781700672
SSP1,2054,0,19.1462339694529,-8282028604.83627,28487933.8515625,4129919190.38732,4984.24999735343,180340.245194616,30620889798.8102,-10166992907.9261,37.2437880349194,2844446493.01774,1.21614830728173
SSP1,2055,0,19.2128438245296,-8282028604.83627,28563833.9765625,4140922493.90605,4989.62083083981,180418.308744003,30653885675.9033,-10171393875.398,37.5974652333616,2871458134.95454,1.22037929404545
SSP1,2056,0,19.4586805701062,-8282028604.83627,30117497.25,4366158335.92264,4994.99166432619,180496.37229339,30686881552.9965,-10175794842.87,37.4927956366494,2863464128.89333,1.23599458123339
SSP1,2057,0,19.5313630113933,-8282028604.83627,30214440.96875,4380212346.52725,5000.36249781257,180574.435842778,30719877430.0896,-10180195810.342,37.8860398390273,2893497649.95474,1.24061129217934
SSP1,2058,0,19.6086175415989,-8282028604.83627,30309520.3046875,4393996076.02281,5005.73333129895,180652.499392165,30752873307.1828,-10184596777.8139,38.3426876608189,2928373541.04352,1.24551841732412
SSP1,2059,0,19.6881182756047,-8282028604.83627,30409884.53125,4408545960.45699,5011.10416478534,180730.562941552,30785869184.2759,-10188997745.2859,38.8187145168864,2964729480.99392,1.25056821893226
SSP1,2060,0,19.7816055929069,-8282028604.83627,30599507.1171875,4436035702.62905,5016.47499827172,180808.626490939,30818865061.3691,-10193398712.7578,39.3084466843137,3002132146.50288,1.25650643335453
SSP1,2061,0,19.9327285261643,-8282028604.83627,31569382.2109375,4576639292.30417,5018.49624823773,180809.224780201,30831282671.3401,-10193432442.3487,39.2840333534766,3000267609.70503,1.26610560046831
SSP1,2062,0,19.949174468091,-8282028604.83627,31440131.375,4557901692.36121,5020.51749820374,180809.823069463,30843700281.3111,-10193466171.9395,39.5825609446504,3023067271.19454,1.26715022911266
SSP1,2063,0,19.9684855387033,-8282028604.83627,31341617.4296875,4543620044.72096,5022.53874816976,180810.421358725,30856117891.2821,-10193499901.5304,39.8602590712006,3044276109.06686,1.26837684766722
SSP1,2064,0,19.9981852237639,-8282028604.83627,31324521.703125,4541141663.1868,5024.55999813577,180811.019647987,30868535501.2531,-10193533631.1212,40.1194344424054,3064070295.28145,1.27026333990224
SSP1,2065,0,20.0359745573881,-8282028604.83627,31376053.515625,4548612272.40922,5026.58124810178,180811.617937249,30880953111.2241,-10193567360.7121,40.3542644983838,3082005139.30313,1.27266367796317
SSP1,2066,0,20.1435039959349,-8282028604.83627,31750131.84375,4602842715.16724,5028.60249806779,180812.216226511,30893370721.1951,-10193601090.3029,40.8899869629979,3122920254.71174,1.27949383291063
SSP1,2067,0,20.177555721345,-8282028604.83627,31748005.109375,4602534400.73651,5030.62374803381,180812.814515773,30905788331.1661,-10193634819.8937,41.1777320222857,3144896414.1724,1.2816567620947
SSP1,2068,0,20.2210761599918,-8282028604.83627,31821507.8671875,4613190155.96319,5032.64499799982,180813.412805035,30918205941.1371,-10193668549.4846,41.4458976176222,3165377217.2123,1.28442113381798
SSP1,2069,0,20.2698042335419,-8282028604.83627,31941389.8359375,4630569543.52783,5034.66624796583,180814.011094297,30930623551.1081,-10193702279.0754,41.6942134856907,3184342022.81762,1.28751628894141
SSP1,2070,0,20.3254635491552,-8282028604.83627,32116266.578125,4655921568.6089,5036.68749793185,180814.609383559,30943041161.0792,-10193736008.6663,41.9288938321853,3202265432.9697,1.29105170914862
SSP1,2071,0,20.4386898891242,-8282028604.83627,32290183.875,4681134502.11425,5038.70874789786,180815.207672821,30955458771.0502,-10193769738.2571,42.9191497732093,3277894959.05321,1.29824372518231
SSP1,2072,0,20.494689744489,-8282028604.83627,32459873.8203125,4705734592.98829,5040.72999786387,180815.805962082,30967876381.0212,-10193803467.848,43.168134438187,3296910843.16379,1.30180077611037
SSP1,2073,0,20.5569603597933,-8282028604.83627,32684527.1484375,4738302770.65403,5042.75124782989,180816.404251344,30980293990.9922,-10193837197.4388,43.3948951373896,3314229400.42215,1.30575613900401
SSP1,2074,0,20.6247355280477,-8282028604.83627,32956221.6640625,4777690547.94421,5044.7724977959,180817.002540606,30992711600.9632,-10193870927.0296,43.6044372600742,3330232911.00627,1.31006114521463
SSP1,2075,0,20.6957218224621,-8282028604.83627,33255502.3984375,4821077522.04521,5046.79374776191,180817.600829868,31005129210.9342,-10193904656.6205,43.8036607719664,3345448350.93943,1.31457011872503
SSP1,2076,0,20.7955604812993,-8282028604.83627,33480911.2890625,4853755234.22773,5048.81499772792,180818.19911913,31017546820.9052,-10193938386.2113,44.520884826106,3400225417.21401,1.32091176356964
SSP1,2077,0,20.8688754570248,-8282028604.83627,33804459.3203125,4900660258.30683,5050.83624769394,180818.797408392,31029964430.8762,-10193972115.8022,44.7045353276999,3414251488.48018,1.3255686524267
SSP1,2078,0,20.944741366043,-8282028604.83627,34149232.9921875,4950642380.95693,5052.85749765995,180819.395697654,31042382040.8472,-10194005845.393,44.8812964790661,3427751394.46809,1.33038757383861
SSP1,2079,0,21.0218047081385,-8282028604.83627,34504345.0703125,5002123270.8603,5054.87874762596,180819.993986916,31054799650.8182,-10194039574.9839,45.0541121084475,3440949966.28017,1.33528255491909
SSP1,2080,0,21.0986115453252,-8282028604.83627,34857869.234375,5053373959.55661,5056.89999759197,180820.592276178,31067217260.7892,-10194073304.5747,45.22658333005,3454122234.39033,1.34016124308206
SSP1,2081,0,21.1126058738527,-8282028604.83627,34714056.296875,5032525279.77864,5056.76833095104,180916.278648474,31066408362.8197,-10199467789.1362,45.7640246507657,3495168625.22681,1.34105014786498
SSP1,2082,0,21.094410780656,-8282028604.83627,34634957.4375,5021058253.10788,5056.6366643101,181011.96502077,31065599464.8502,-10204862273.6977,45.757154695735,3494643941.23183,1.33989441500246
SSP1,2083,0,21.0764157794903,-8282028604.83627,34559361.484375,5010099045.63593,5056.50499766916,181107.651393066,31064790566.8807,-10210256758.2592,45.7462555120176,3493811530.06913,1.33875139177177
SSP1,2084,0,21.0591143163977,-8282028604.83627,34491564.078125,5000270399.91563,5056.37333102822,181203.337765363,31063981668.9112,-10215651242.8207,45.7296341544808,3492542095.2278,1.33765242133784
SSP1,2085,0,21.0409356049233,-8282028604.83627,34418083.78125,4989617900.86952,5056.24166438729,181299.024137659,31063172770.9417,-10221045727.3822,45.7123136682559,3491219265.33053,1.3364977290248
SSP1,2086,0,21.0551264586099,-8282028604.83627,34270260.703125,4968187867.7084,5056.10999774635,181394.710509955,31062363872.9722,-10226440211.9437,46.2599401492878,3533043534.70921,1.33739911687566
SSP1,2087,0,21.037488806049,-8282028604.83627,34203116.375,4958453899.26078,5055.97833110541,181490.396882251,31061554975.0028,-10231834696.5052,46.2376772338562,3531343233.12699,1.33627879204622
SSP1,2088,0,21.0195792145618,-8282028604.83627,34136588.9609375,4948809365.35196,5055.84666446448,181586.083254547,31060746077.0333,-10237229181.0667,46.210682671417,3529281558.07963,1.33514119394698
SSP1,2089,0,21.0005392962592,-8282028604.83627,34063630.140625,4938232465.19183,5055.71499782354,181681.769626843,31059937179.0638,-10242623665.6282,46.1810961103908,3527021922.46811,1.33393179869716
SSP1,2090,0,20.9810782629627,-8282028604.83627,33990514.3828125,4927632813.67329,5055.5833311826,181777.455999139,31059128281.0943,-10248018150.1897,46.1462935711999,3524363923.22118,1.33269565467327
SSP1,2091,0,20.9977100126061,-8282028604.83627,33845597.5859375,4906624106.49425,5055.45166454167,181873.142371435,31058319383.1248,-10253412634.7512,46.7203633114907,3568207762.57465,1.33375208562508
SSP1,2092,0,20.978539951759,-8282028604.83627,33772520.5546875,4896030069.19732,5055.31999790073,181968.828743732,31057510485.1553,-10258807119.3127,46.6892971130512,3565835121.55544,1.33253442386001
SSP1,2093,0,20.9592979168442,-8282028604.83627,33698380.265625,4885281890.54121,5055.18833125979,182064.515116028,31056701587.1858,-10264201603.8742,46.659306772848,3563544647.8277,1.33131219037912
SSP1,2094,0,20.9400732303737,-8282028604.83627,33624610.0234375,4874587357.88478,5055.05666461885,182160.201488324,31055892689.2163,-10269596088.4357,46.6288411702487,3561217876.54466,1.33009105885287
SSP1,2095,0,20.9212555653365,-8282028604.83627,33553394.8984375,4864263242.66758,5054.92499797791,182255.88786062,31055083791.2468,-10274990572.9973,46.5988548424046,3558927709.2557,1.32889578089281
SSP1,2096,0,20.9532150366201,-8282028604.83627,33401995.1796875,4842314700.97471,5054.79333133698,182351.574232916,31054274893.2773,-10280385057.5588,47.3859239886361,3619039104.7631,1.33092581233215
SSP1,2097,0,20.9358734757014,-8282028604.83627,33340051.6875,4833334701.98855,5054.66166469604,182447.260605212,31053465995.3078,-10285779542.1203,47.3576658454894,3616880925.36154,1.32982429492719
SSP1,2098,0,20.9183511787858,-8282028604.83627,33280350.0859375,4824679711.72936,5054.5299980551,182542.946977508,31052657097.3383,-10291174026.6818,47.322785728845,3614217001.2362,1.32871129736498
SSP1,2099,0,20.9009949399103,-8282028604.83627,33222454.828125,4816286588.6086,5054.39833141417,182638.633349805,31051848199.3688,-10296568511.2433,47.2866511348316,3611457268.01246,1.32760884763189
SSP1,2100,0,20.8844241652013,-8282028604.83627,33169074.1953125,4808547954.38556,5054.26666477323,182734.319722101,31051039301.3993,-10301962995.8048,47.2522314667831,3608828510.05746,1.32655628974271
SSP2,2013,10957813875,17.0470182449839,-8282028604.83627,26726248.5625,3874526225.75071,4744.11100382109,174897.633521158,29145588667.997,-9860156271.29552,28.4009779644076,2169088227.36801,1.08280836930723
SSP2,2014,17386435740,15.7552411532755,-8282028604.83627,13881257.6875,2012377338.73682,4770.17141305407,170851.338474595,29305691576.0892,-9632039397.00942,30.7859871309521,2351240240.29517,1.00075606983293
SSP2,2015,16751791268,17.59245906018,-8282028604.83627,21089762.359375,3057400187.12918,4799.63124098381,164210.998407281,29486678915.2089,-9257678752.78532,33.8871466310217,2588087315.46354,1.11745418660903
SSP2,2016,20863791077,16.0980764956557,-8282028604.83627,16703570.25,2421530311.14519,4798.05882167816,174014.236786714,29477018709.9019,-9810353254.09167,30.0091373218014,2291909333.53648,1.0225326041622
SSP2,2017,20087890503,17.5986074966164,-8282028604.83627,27118603.140625,3931406191.49613,4781.67276197672,176773.822069087,29376350459.188,-9965929642.29289,33.2419217430209,2538809093.06143,1.11784472871649
SSP2,2018,22952441203,17.1607633646927,-8282028604.83627,22470818.1640625,3257612982.50051,4793.40509357055,171956.375507542,29448428391.2758,-9694337768.98317,31.8314793309118,2431088364.7358,1.09003333767521
SSP2,2019,22757028597,16.6363987318791,-8282028604.83627,19125996.9921875,2772711507.43679,4809.12887008737,171985.783317158,29545027885.3217,-9695995685.05997,30.0716496064677,2296683629.01691,1.05672625694007
SSP2,2020,24991858668,16.4197162021193,-8282028604.83627,18668449.2890625,2706380440.76485,4807.23388322194,174714.079892013,29533385976.5075,-9849808118.31544,30.2693993004391,2311786507.99863,1.04296281436408
SSP2,2021,25842821986,16.2114380154615,-8282028604.83627,18564337.5234375,2691287272.51193,4794.29118452531,175616.111791486,29453872117.7125,-9900661725.14494,29.4468970574317,2248968955.21835,1.02973320667457
SSP2,2022,33503635306,16.2495350111364,-8282028604.83627,18305465.65625,2653758405.10723,4800.04120993085,175750.753327734,29489197571.7681,-9908252374.37953,30.0739590981231,2296860013.47689,1.03215308709995
SSP2,2023,0,16.3344256829446,-8282028604.83627,18426321.921875,2671279037.29081,4805.79123533639,175885.394863983,29524523025.8237,-9915843023.61412,30.592923433491,2336495248.28046,1.03754525179345
SSP2,2024,0,16.4949837029221,-8282028604.83627,19093286.875,2767969494.85713,4811.54126074192,176020.036400232,29559848479.8793,-9923433672.84871,31.0660280491378,2372628005.87067,1.04774372552607
SSP2,2025,0,16.7612082084899,-8282028604.83627,20482461.328125,2969359257.36678,4817.29128614745,176154.677936481,29595173933.9349,-9931024322.08331,31.5517964540642,2409727944.10779,1.06465402142655
SSP2,2026,0,17.1355203060423,-8282028604.83627,23108488.546875,3350056582.12556,4823.04131155298,176289.319472729,29630499387.9905,-9938614971.3179,31.1050454803013,2375607912.08041,1.08842992558398
SSP2,2027,0,17.2469992543792,-8282028604.83627,23381513.875,3389637288.39793,4828.79133695851,176423.961008978,29665824842.0461,-9946205620.5525,31.683299878698,2419771349.32395,1.09551094916981
SSP2,2028,0,17.3317622190137,-8282028604.83627,23489061.3125,3405228528.82704,4834.54136236404,176558.602545227,29701150296.1017,-9953796269.78708,32.2258545887831,2461208268.70832,1.1008950020402
SSP2,2029,0,17.4239282195139,-8282028604.83627,23661247.90625,3430190560.87755,4840.29138776957,176693.244081475,29736475750.1573,-9961386919.02168,32.7426444695953,2500677432.33703,1.10674928783218
SSP2,2030,0,17.5233023949386,-8282028604.83627,23925346.5234375,3468477154.52666,4846.04141317511,176827.885617724,29771801204.2129,-9968977568.25626,33.1793493815423,2534030209.29159,1.11306142918713
SSP2,2031,0,17.7574710602642,-8282028604.83627,25344755.0078125,3674249969.40201,4851.79143858064,176962.527153973,29807126658.2685,-9976568217.49087,33.1880047889673,2534691254.92079,1.12793557239506
SSP2,2032,0,17.891793654275,-8282028604.83627,25703596.671875,3726271540.44483,4857.54146398617,177097.168690221,29842452112.3241,-9984158866.72545,33.902468101082,2589257473.06781,1.13646759992573
SSP2,2033,0,18.0168603300128,-8282028604.83627,26033298.640625,3774068705.90246,4863.2914893917,177231.81022647,29877777566.3797,-9991749515.96004,34.5510512525031,2638792178.52689,1.14441170142571
SSP2,2034,0,18.1202916454888,-8282028604.83627,26218515.921875,3800919807.43237,4869.04151479724,177366.451762719,29913103020.4354,-9999340165.19464,35.1906090956199,2687637587.65203,1.15098154797814
SSP2,2035,0,18.1721966219047,-8282028604.83627,26101765.5234375,3783994406.1904,4874.79154020277,177501.093298968,29948428474.4909,-10006930814.4292,35.7286943813384,2728733160.48881,1.15427849657431
SSP2,2036,0,18.3365665662504,-8282028604.83627,27320369.5078125,3960656427.6194,4880.5415656083,177635.734835216,29983753928.5466,-10014521463.6638,35.2046020108187,2688706278.58452,1.16471909966644
SSP2,2037,0,18.3148197580386,-8282028604.83627,26739095.9296875,3876388719.1337,4886.29159101384,177770.376371465,30019079382.6022,-10022112112.8984,35.6600740925713,2723492374.03737,1.16333776566426
SSP2,2038,0,18.2368290209326,-8282028604.83627,25872837.171875,3750806474.86242,4892.04161641936,177905.017907714,30054404836.6578,-10029702762.133,35.9200680193339,2743349076.38173,1.15838387744445
SSP2,2039,0,18.1641552979044,-8282028604.83627,25112145.3046875,3640528349.51157,4897.7916418249,178039.659443962,30089730290.7134,-10037293411.3676,36.049295690953,2753218673.88328,1.15376772027299
SSP2,2040,0,18.1116991864012,-8282028604.83627,24520512.9140625,3554758915.46177,4903.54166723043,178174.300980211,30125055744.769,-10044884060.6022,36.1223380674695,2758797191.60896,1.15043576416544
SSP2,2041,0,18.3278792358784,-8282028604.83627,25969510.0234375,3764821217.62817,4911.32083389812,178304.239371864,30172847289.2109,-10052209561.9343,35.6725983197749,2724448895.80991,1.1641672897312
SSP2,2042,0,18.3507956554862,-8282028604.83627,25731988.328125,3730387502.19217,4919.10000056581,178434.177763516,30220638833.6527,-10059535063.2664,35.8936703429947,2741332987.7439,1.1656229161985
SSP2,2043,0,18.3764851875743,-8282028604.83627,25522183.7890625,3699971965.684,4926.8791672335,178564.116155169,30268430378.0946,-10066860564.5984,36.0984400764804,2756972013.23034,1.16725468780505
SSP2,2044,0,18.4123769391847,-8282028604.83627,25381202.90625,3679533851.20231,4934.65833390119,178694.054546822,30316221922.5365,-10074186065.9305,36.3061531981814,2772835836.21264,1.16953449348569
SSP2,2045,0,18.4736776879906,-8282028604.83627,25408579.125,3683502604.14048,4942.43750056888,178823.992938474,30364013466.9784,-10081511567.2626,36.5269877159221,2789701788.97061,1.1734282514965
SSP2,2046,0,18.7871850831516,-8282028604.83627,27407575.1328125,3973298698.76739,4950.21666723658,178953.931330127,30411805011.4203,-10088837068.5946,36.3076093297921,2772947046.39485,1.19334190598091
SSP2,2047,0,18.8524181990043,-8282028604.83627,27465056.5234375,3981631823.22174,4957.99583390427,179083.86972178,30459596555.8621,-10096162569.9267,36.5227873927788,2789380994.68343,1.19748544374137
SSP2,2048,0,18.9275342385272,-8282028604.83627,27572149.140625,3997157127.97623,4965.77500057196,179213.808113432,30507388100.304,-10103488071.2588,36.773196730453,2808505686.34204,1.20225673424483
SSP2,2049,0,19.0129641512647,-8282028604.83627,27733870.8984375,4020602064.15774,4973.55416723965,179343.746505085,30555179644.7459,-10110813572.5909,37.0549550964395,2830024619.78826,1.20768315094551
SSP2,2050,0,19.1056619433552,-8282028604.83627,27937773.4453125,4050161984.00647,4981.33333390734,179473.684896738,30602971189.1877,-10118139073.9229,37.3518089133863,2852696448.92018,1.21357121557062
SSP2,2051,0,19.4482393307523,-8282028604.83627,30153689.4140625,4371405143.70035,4989.11250057503,179603.62328839,30650762733.6296,-10125464575.255,37.1013063008485,2833564633.51362,1.23533136487521
SSP2,2052,0,19.5306975134213,-8282028604.83627,30272670.4296875,4388653919.34979,4996.89166724272,179733.561680043,30698554278.0715,-10132790076.5871,37.4252837787125,2858307997.42342,1.24056902045983
SSP2,2053,0,19.6198511651154,-8282028604.83627,30402740.4921875,4407510283.24099,5004.67083391042,179863.500071696,30746345822.5134,-10140115577.9192,37.8158794734789,2888139242.11647,1.24623196507696
SSP2,2054,0,19.7177685853621,-8282028604.83627,30556811.6796875,4429846109.95477,5012.4500005781,179993.438463348,30794137366.9553,-10147441079.2512,38.2756652771136,2923254792.53959,1.25245157490083
SSP2,2055,0,19.838234973396,-8282028604.83627,30828006.421875,4469161434.67885,5020.22916724579,180123.376855001,30841928911.3971,-10154766580.5833,38.8083749878589,2963939812.73961,1.26010347104529
SSP2,2056,0,20.173693022809,-8282028604.83627,32970627.1796875,4779778927.38714,5028.00833391349,180253.315246654,30889720455.839,-10162092081.9154,38.6037825284673,2948314326.3345,1.28141140761436
SSP2,2057,0,20.3269863861698,-8282028604.83627,33403013.734375,4842462361.68511,5035.78750058118,180383.253638306,30937512000.2809,-10169417583.2475,39.2603419906559,2998458212.28748,1.29114843812731
SSP2,2058,0,20.4999573390466,-8282028604.83627,33919604.109375,4917352893.03773,5043.56666724887,180513.192029959,30985303544.7228,-10176743084.5795,40.0147164191068,3056072590.70188,1.30213536808365
SSP2,2059,0,20.6980887408823,-8282028604.83627,34577357.1328125,5012707889.58413,5051.34583391656,180643.130421611,31033095089.1647,-10184068585.9116,40.8305777570119,3118382952.8814,1.31472046285196
SSP2,2060,0,20.9171452844606,-8282028604.83627,35375547.6953125,5128422231.6221,5059.12500058425,180773.068813264,31080886633.6065,-10191394087.2437,41.6538473536745,3181259111.31188,1.32863470024699
SSP2,2061,0,21.3011903429914,-8282028604.83627,37839636.109375,5485643154.73548,5065.35875063486,180863.206017296,31119183864.5709,-10196475727.8567,41.5701607758536,3174867656.37791,1.35302883167761
SSP2,2062,0,21.4513052855575,-8282028604.83627,38286660.859375,5550448700.24196,5071.59250068547,180953.343221328,31157481095.5354,-10201557368.4696,42.2522515445617,3226961463.0861,1.3625639723006
SSP2,2063,0,21.5996597079,-8282028604.83627,38757161.7109375,5618657595.49166,5077.82625073608,181043.48042536,31195778326.4998,-10206639009.0826,42.866729131248,3273891399.82747,1.37198728656164
SSP2,2064,0,21.7510407936084,-8282028604.83627,39290605.84375,5695991429.96983,5084.06000078669,181133.617629392,31234075557.4642,-10211720649.6956,43.4013588831571,3314723060.70619,1.38160285124305
SSP2,2065,0,21.9088782613264,-8282028604.83627,39907205.2890625,5785380358.46309,5090.29375083729,181223.754833424,31272372788.4286,-10216802290.3085,43.8626818445506,3349956009.57955,1.39162851840544
SSP2,2066,0,22.2122653393607,-8282028604.83627,41784001.46875,6057461043.54626,5096.5275008879,181313.892037456,31310670019.393,-10221883930.9215,43.8376837496774,3348046812.17922,1.41089934116835
SSP2,2067,0,22.3538565406384,-8282028604.83627,42279543.7734375,6129300218.84206,5102.76125093851,181404.029241488,31348967250.3574,-10226965571.5345,44.3160739277001,3384583247.80965,1.41989306285976
SSP2,2068,0,22.5147084856721,-8282028604.83627,42945700.15625,6225873457.30546,5108.99500098912,181494.16644552,31387264481.3218,-10232047212.1474,44.7227991443643,3415646364.02858,1.43011020639764
SSP2,2069,0,22.6944298550835,-8282028604.83627,43761084.9296875,6344080458.2384,5115.22875103972,181584.303649552,31425561712.2862,-10237128852.7604,45.0933294731275,3443945142.15554,1.44152591559354
SSP2,2070,0,22.8938281018491,-8282028604.83627,44728144.328125,6484275854.24927,5121.46250109033,181674.440853584,31463858943.2506,-10242210493.3734,45.4335939219201,3469932402.55878,1.45419147899707
SSP2,2071,0,23.1486021536018,-8282028604.83627,46202584.09375,6698026599.20865,5127.69625114094,181764.578057616,31502156174.215,-10247292133.9863,45.5358243336768,3477740119.00074,1.47037445431602
SSP2,2072,0,23.2414780195992,-8282028604.83627,46428607.9375,6730793461.65126,5133.93000119155,181854.715261648,31540453405.1794,-10252373774.5993,45.887953503038,3504633532.20403,1.47627383000526
SSP2,2073,0,23.3291273904482,-8282028604.83627,46635307.3828125,6760758850.16579,5140.16375124216,181944.85246568,31578750636.1439,-10257455415.2123,46.2083306332842,3529101924.18707,1.48184122431176
SSP2,2074,0,23.4214999099266,-8282028604.83627,46885419.5234375,6797017812.80935,5146.39750129277,182034.989669712,31617047867.1083,-10262537055.8252,46.5081453818595,3551999890.67052,1.48770862796839
SSP2,2075,0,23.5237685343554,-8282028604.83627,47204033.8359375,6843207591.62526,5152.63125134337,182125.126873744,31655345098.0727,-10267618696.4382,46.8075056387084,3574863145.93189,1.49420462162883
SSP2,2076,0,23.6984605867095,-8282028604.83627,48048306.0078125,6965602422.45801,5158.86500139398,182215.264077776,31693642329.0371,-10272700337.0512,47.0573511634527,3593944777.10186,1.50530087398348
SSP2,2077,0,23.7896813817224,-8282028604.83627,48255804.296875,6995683620.00771,5165.09875144459,182305.401281808,31731939560.0015,-10277781977.6641,47.4229744242552,3621868784.2136,1.51109512133368
SSP2,2078,0,23.8886739057734,-8282028604.83627,48515956.171875,7033398051.19728,5171.3325014952,182395.53848584,31770236790.9659,-10282863618.2771,47.7904110759122,3649931286.72361,1.5173830206015
SSP2,2079,0,23.9968617184986,-8282028604.83627,48841840.2578125,7080641735.0449,5177.5662515458,182485.675689872,31808534021.9303,-10287945258.8901,48.1534749668736,3677659825.24977,1.52425499477273
SSP2,2080,0,24.1044119056387,-8282028604.83627,49165064.4609375,7127499813.4945,5183.80000159641,182575.812893904,31846831252.8947,-10293026899.503,48.5132390290448,3705136343.58881,1.53108646764864
SSP2,2081,0,24.2061463333784,-8282028604.83627,49611377.7578125,7192202219.05656,5187.5320850201,182567.768165795,31869759419.6795,-10292573364.0566,48.6919696270492,3718786663.5351,1.53754852970666
SSP2,2082,0,24.2579986020454,-8282028604.83627,49673290.8046875,7201177804.36074,5191.26416844378,182559.723437687,31892687586.4644,-10292119828.6101,48.947227353566,3738281644.6666,1.54084213036299
SSP2,2083,0,24.3141725745251,-8282028604.83627,49773117.578125,7215649773.77356,5194.99625186746,182551.678709579,31915615753.2492,-10291666293.1636,49.1871043921154,3756601945.50221,1.544410241024
SSP2,2084,0,24.3735563882009,-8282028604.83627,49913349.953125,7235979376.46232,5198.72833529115,182543.633981471,31938543920.034,-10291212757.7171,49.392312539116,3772274454.25796,1.54818223736526
SSP2,2085,0,24.4347027171206,-8282028604.83627,50078685.4765625,7259948203.21736,5202.46041871483,182535.589253362,31961472086.8188,-10290759222.2706,49.5729479807561,3786070254.19126,1.55206618679003
SSP2,2086,0,24.5070371768996,-8282028604.83627,50372799.8515625,7302586205.9525,5206.19250213852,182527.544525254,31984400253.6037,-10290305686.8241,49.6556302847861,3792385009.00385,1.5566607943227
SSP2,2087,0,24.5620328874372,-8282028604.83627,50485979.609375,7318993968.48764,5209.9245855622,182519.499797145,32007328420.3885,-10289852151.3777,49.854733412827,3807591254.77493,1.56015406304514
SSP2,2088,0,24.627745634516,-8282028604.83627,50655367.03125,7343550202.29024,5213.65666898589,182511.455069037,32030256587.1733,-10289398615.9312,50.0874680754561,3825366065.81988,1.56432806646818
SSP2,2089,0,24.700192061179,-8282028604.83627,50867848.078125,7374353754.33634,5217.38875240957,182503.410340929,32053184753.9581,-10288945080.4847,50.3265709150655,3843627238.20546,1.56892978601759
SSP2,2090,0,24.7773137751703,-8282028604.83627,51106928.484375,7409013437.37837,5221.12083583325,182495.365612821,32076112920.743,-10288491545.0382,50.5763993861414,3862707566.92341,1.57382847481847
SSP2,2091,0,24.8493737223908,-8282028604.83627,51353282,7444727509.06572,5224.85291925694,182487.320884712,32099041087.5278,-10288038009.5917,50.7461459163318,3875671740.22526,1.57840564560698
SSP2,2092,0,24.9223290938121,-8282028604.83627,51549936.8359375,7473236722.30149,5228.58500268062,182479.276156604,32121969254.3127,-10287584474.1452,51.0219535768221,3896736196.17946,1.58303969278319
SSP2,2093,0,24.9947964383836,-8282028604.83627,51738781.9140625,7500613748.52678,5232.3170861043,182471.231428496,32144897421.0975,-10287130938.6987,51.3061955546896,3918444812.29432,1.58764274101578
SSP2,2094,0,25.0693039323641,-8282028604.83627,51940637.8046875,7529876962.93638,5236.04916952799,182463.186700387,32167825587.8823,-10286677403.2523,51.5924534253625,3940307389.63395,1.59237537735715
SSP2,2095,0,25.1437746085474,-8282028604.83627,52147153.6875,7559815740.24439,5239.78125295167,182455.141972279,32190753754.6671,-10286223867.8058,51.8693837324155,3961457586.27798,1.59710567507141
SSP2,2096,0,25.2108708837318,-8282028604.83627,52336471.1015625,7587261241.39885,5243.51333637536,182447.097244171,32213681921.452,-10285770332.3593,52.0824029834643,3977726658.07656,1.60136755872021
SSP2,2097,0,25.2866371067527,-8282028604.83627,52556163.390625,7619110213.15324,5247.24541979904,182439.052516062,32236610088.2368,-10285316796.9128,52.3512853960272,3998262207.11178,1.60618014818417
SSP2,2098,0,25.362091292688,-8282028604.83627,52779718.859375,7651519233.24285,5250.97750322272,182431.007787954,32259538255.0216,-10284863261.4663,52.6087491495849,4017925670.72617,1.61097291738615
SSP2,2099,0,25.4378857022516,-8282028604.83627,53005519.046875,7684253672.05502,5254.70958664641,182422.963059846,32282466421.8064,-10284409726.0198,52.8664067513206,4037603939.24626,1.61578729722916
SSP2,2100,0,25.516215155207,-8282028604.83627,53252690.84375,7720086370.64789,5258.44167007009,182414.918331737,32305394588.5913,-10283956190.5733,53.1166898737486,4056718991.37749,1.62076270031752
SSP3,2013,10957813875,17.0443370816759,-8282028604.83627,26746817.234375,3877508083.02193,4744.11100382109,174897.633521158,29145588667.997,-9860156271.29552,28.3268291489489,2163425206.78871,1.08263806468106
SSP3,2014,17386435740,15.7725438566596,-8282028604.83627,14046229.140625,2036293385.91935,4770.17141305407,170851.338474595,29305691576.0892,-9632039397.00942,30.6993952491101,2344626896.49678,1.00185511904886
SSP3,2015,16751791268,17.6088622371323,-8282028604.83627,21226697.359375,3077251766.65343,4799.63124098381,164210.998407281,29486678915.2089,-9257678752.78532,33.8419949381475,2584638912.89156,1.11849609886793
SSP3,2016,20863791077,16.0813849261383,-8282028604.83627,16667636.84375,2416321015.70028,4798.05882167816,174014.236786714,29477018709.9019,-9810353254.09167,29.8587940536951,2280427059.46401,1.02147237351596
SSP3,2017,20087890503,17.6038859553831,-8282028604.83627,27165209.59375,3938162767.32082,4781.67276197672,176773.822069087,29376350459.188,-9965929642.29289,33.222568002835,2537330976.00344,1.11818001077272
SSP3,2018,22952441203,17.1893984056946,-8282028604.83627,22667449.1484375,3286118737.95566,4793.40509357055,171956.375507542,29448428391.2758,-9694337768.98317,31.8331721324861,2431217650.28261,1.09185220485813
SSP3,2019,22757028597,16.6166930666771,-8282028604.83627,19073354.1640625,2765079833.36584,4809.12887008737,171985.783317158,29545027885.3217,-9695995685.05997,29.9135586852555,2284609637.88587,1.05547457415913
SSP3,2020,24991858668,16.4089614418839,-8282028604.83627,18622297.0703125,2699689715.67093,4807.23388322194,174714.079892013,29533385976.5075,-9849808118.31544,30.216186816482,2307722472.85714,1.04227968349477
SSP3,2021,25842821986,16.1153921875221,-8282028604.83627,17655116.2890625,2559476722.69394,4794.29118452531,175616.111791486,29453872117.7125,-9900661725.14494,29.9151827938804,2284733677.09687,1.02363247839263
SSP3,2022,33503635306,16.1635573991752,-8282028604.83627,17517490.703125,2539525028.35861,4800.30743784882,175742.021812537,29490833150.991,-9907760120.12429,30.4160654228025,2322987944.78616,1.02669188113028
SSP3,2023,0,16.2666929539915,-8282028604.83627,17798572.015625,2580273617.30864,4806.32369117233,175867.931833589,29527794184.2696,-9914858515.10367,30.841923024574,2355512272.35317,1.03324294128187
SSP3,2024,0,16.4647713016551,-8282028604.83627,18741809.421875,2717015519.52804,4812.33994449584,175993.84185464,29564755217.5481,-9921956910.08302,31.2540256269041,2386986079.4982,1.04582466610591
SSP3,2025,0,16.7526735017273,-8282028604.83627,20326732.515625,2946783123.39402,4818.35619781934,176119.751875692,29601716250.8267,-9929055305.06239,31.6242047848553,2415258037.40525,1.06411190597977
SSP3,2026,0,17.0462510039318,-8282028604.83627,22135923.0859375,3209062967.70753,4824.37245114285,176245.661896743,29638677284.1052,-9936153700.04175,31.6429942279452,2416693056.99705,1.08275963497607
SSP3,2027,0,17.1766353827886,-8282028604.83627,22559489.2109375,3270467697.06243,4830.38870446636,176371.571917794,29675638317.3838,-9943252095.02111,32.1551731975157,2455810068.19973,1.09104151129157
SSP3,2028,0,17.2875733980364,-8282028604.83627,22881724.328125,3317182386.91055,4836.40495778986,176497.481938846,29712599350.6624,-9950350490.00048,32.6050751908379,2490170755.30028,1.09808817538604
SSP3,2029,0,17.3959176301585,-8282028604.83627,23190909.7265625,3362005248.3033,4842.42121111337,176623.391959897,29749560383.9409,-9957448884.97984,33.0457861338029,2523829487.73039,1.10497008515008
SSP3,2030,0,17.4925240971123,-8282028604.83627,23426569.7734375,3396169079.03486,4848.43746443688,176749.301980948,29786521417.2195,-9964547279.9592,33.4723726559269,2556409485.65344,1.11110642462267
SSP3,2031,0,17.6832752722347,-8282028604.83627,23917318.2265625,3467313285.72863,4854.45371776038,176875.212002,29823482450.498,-9971645674.93856,34.6474409220655,2646153815.78282,1.12322273528237
SSP3,2032,0,17.8002330469644,-8282028604.83627,24234101.2265625,3513237577.66588,4860.46997108389,177001.122023051,29860443483.7766,-9978744069.91792,35.1865117779559,2687324660.27608,1.13065176806176
SSP3,2033,0,17.9239511310578,-8282028604.83627,24599489.3828125,3566208199.063,4866.4862244074,177127.032044103,29897404517.0551,-9985842464.89728,35.7218376269138,2728209484.67317,1.13851020846264
SSP3,2034,0,18.0192348085948,-8282028604.83627,24761229.625,3589655814.93955,4872.5024777309,177252.942065154,29934365550.3337,-9992940859.87665,36.2714170570797,2770182908.03452,1.14456252576604
SSP3,2035,0,18.0696843677692,-8282028604.83627,24651691.7265625,3573776015.75197,4878.51873105441,177378.852086205,29971326583.6123,-10000039254.856,36.748894413634,2806649628.09728,1.14776702781543
SSP3,2036,0,18.1138257208044,-8282028604.83627,24658394.84375,3574747772.16128,4884.53498437792,177504.762107257,30008287616.8908,-10007137649.8354,36.9231292029068,2819956586.42397,1.15057083935667
SSP3,2037,0,18.0852644727791,-8282028604.83627,24118145.15625,3496427330.82521,4890.55123770142,177630.672128308,30045248650.1694,-10014236044.8147,37.1836449409577,2839853141.43551,1.14875665942471
SSP3,2038,0,18.0721574773959,-8282028604.83627,23742321.1484375,3441943815.44777,4896.56749102493,177756.58214936,30082209683.4479,-10021334439.7941,37.33440206378,2851367023.13055,1.14792411709424
SSP3,2039,0,18.0966188871088,-8282028604.83627,23668456.5703125,3431235606.83293,4902.58374434844,177882.492170411,30119170716.7265,-10028432834.7735,37.4038890587975,2856674003.15907,1.14947787968084
SSP3,2040,0,18.1610005592168,-8282028604.83627,23858438.390625,3458777427.50766,4908.59999767194,178008.402191462,30156131750.005,-10035531229.7528,37.4952452673531,2863651216.29319,1.15356733464514
SSP3,2041,0,18.2922705803381,-8282028604.83627,24337111.421875,3528171050.365,4917.69749776569,178061.607314715,30212022515.509,-10038530760.502,37.6128925938241,2872636379.80232,1.1619054660102
SSP3,2042,0,18.3999679331025,-8282028604.83627,24625787.7578125,3570020696.10664,4926.79499785944,178114.812437967,30267913281.013,-10041530291.2511,37.782538290452,2885592852.0703,1.1687462866892
SSP3,2043,0,18.5231998292767,-8282028604.83627,25016951.984375,3626728095.60746,4935.89249795319,178168.01756122,30323804046.517,-10044529822.0003,37.9610455390032,2899226113.98887,1.17657384495337
SSP3,2044,0,18.6536718588115,-8282028604.83627,25454952.15625,3690225340.60405,4944.98999804693,178221.222684472,30379694812.021,-10047529352.7495,38.1454486361252,2913309663.77222,1.18486128874621
SSP3,2045,0,18.7856242109532,-8282028604.83627,25908549.859375,3755983772.52869,4954.08749814068,178274.427807725,30435585577.5249,-10050528883.4986,38.3196274786054,2926612349.23445,1.19324276104802
SSP3,2046,0,18.967058528321,-8282028604.83627,26551506.7734375,3849193764.93512,4963.18499823443,178327.632930977,30491476343.0289,-10053528414.2478,38.782261641528,2961945439.4411,1.20476727486634
SSP3,2047,0,19.0991263304587,-8282028604.83627,26968922.4375,3909706856.91162,4972.28249832817,178380.83805423,30547367108.5329,-10056527944.997,39.0266320396821,2980608914.8474,1.21315608042843
SSP3,2048,0,19.2407670816855,-8282028604.83627,27428530.3515625,3976336594.05686,4981.37999842192,178434.043177482,30603257874.0369,-10059527475.7461,39.3162575870947,3002728694.17418,1.22215294947963
SSP3,2049,0,19.393713345727,-8282028604.83627,27933832.84375,4049590711.75839,4990.47749851567,178487.248300735,30659148639.5409,-10062527006.4953,39.6671755856126,3029529605.75937,1.231867932615
SSP3,2050,0,19.5583104291992,-8282028604.83627,28474114.6796875,4127915813.67986,4999.57499860941,178540.453423987,30715039405.0448,-10065526537.2445,40.1042467209516,3062910352.55528,1.24232296334154
SSP3,2051,0,19.7826592696411,-8282028604.83627,29310245.09375,4249130327.18919,5008.67249870316,178593.65854724,30770930170.5488,-10068526067.9936,40.762105140816,3113153444.73298,1.25657336177391
SSP3,2052,0,19.9571149936857,-8282028604.83627,29798115.421875,4319857289.7356,5017.76999879691,178646.863670492,30826820936.0528,-10071525598.7428,41.4277467954918,3163990971.47635,1.26765460280705
SSP3,2053,0,20.144847071025,-8282028604.83627,30363094.6015625,4401762785.8842,5026.86749889066,178700.068793745,30882711701.5568,-10074525129.492,42.1208562728731,3216926317.91227,1.27957914360411
SSP3,2054,0,20.3539588369561,-8282028604.83627,31073116.65625,4504695266.86128,5035.9649989844,178753.273916997,30938602467.0607,-10077524660.2411,42.8185838804358,3270214368.11147,1.29286169935766
SSP3,2055,0,20.5872111327428,-8282028604.83627,31924254.6015625,4628085434.51361,5045.06249907815,178806.47904025,30994493232.5647,-10080524190.9903,43.5645328312754,3327185261.49097,1.30767763575241
SSP3,2056,0,20.8424549749861,-8282028604.83627,33108664.4609375,4799790305.53038,5054.1599991719,178859.684163502,31050383998.0687,-10083523721.7395,43.9658192691491,3357832997.96276,1.32389045166094
SSP3,2057,0,21.0894203617028,-8282028604.83627,34055568.0625,4937063699.09821,5063.25749926564,178912.889286754,31106274763.5727,-10086523252.4886,44.7095405558899,3414633756.35686,1.33957742892717
SSP3,2058,0,21.3368819742596,-8282028604.83627,35096114.5,5087912571.57566,5072.35499935939,178966.094410007,31162165529.0767,-10089522783.2378,45.2820085143732,3458355261.68135,1.35529592592811
SSP3,2059,0,21.5813686896521,-8282028604.83627,36185942.6953125,5245905860.99772,5081.45249945314,179019.299533259,31218056294.5807,-10092522313.987,45.7219791343927,3491957452.89702,1.37082546064245
SSP3,2060,0,21.823248812752,-8282028604.83627,37313662.359375,5409392307.79503,5090.54999954688,179072.504656512,31273947060.0846,-10095521844.7361,46.0558956027489,3517459894.44475,1.38618942740178
SSP3,2061,0,22.1349819122646,-8282028604.83627,39026603.109375,5657718736.53088,5100.66749934881,179117.66339179,31336104224.4802,-10098067746.461,46.105590815984,3521255302.55077,1.40599038052398
SSP3,2062,0,22.4450735447982,-8282028604.83627,40571221.09375,5881643275.55594,5110.78499915072,179162.822127067,31398261388.8758,-10100613648.1858,46.4532998473339,3547811133.38855,1.42568706941902
SSP3,2063,0,22.774486833822,-8282028604.83627,42242000.2109375,6123857497.72188,5120.90249895265,179207.980862345,31460418553.2713,-10103159549.9106,46.8145210318476,3575398937.57566,1.44661104927227
SSP3,2064,0,23.1066528912108,-8282028604.83627,43926200.640625,6368017418.59461,5131.01999875457,179253.139597623,31522575717.6669,-10105705451.6355,47.1863095908418,3603793811.42103,1.46770988202833
SSP3,2065,0,23.3831132369906,-8282028604.83627,45214746.765625,6554819009.64944,5141.13749855648,179298.2983329,31584732882.0624,-10108251353.3603,47.579736722552,3633841303.47533,1.48527034755315
SSP3,2066,0,23.5606641286944,-8282028604.83627,45922526.421875,6657426408.28155,5151.2549983584,179343.457068178,31646890046.458,-10110797255.0852,47.7804894315789,3649173533.87627,1.49654819032611
SSP3,2067,0,23.7691016399112,-8282028604.83627,46660986.0078125,6764481501.54244,5161.37249816032,179388.615803455,31709047210.8536,-10113343156.81,48.3274204627065,3690944689.16142,1.50978791814124
SSP3,2068,0,23.9755118001637,-8282028604.83627,47365943.8046875,6866679812.90111,5171.48999796224,179433.774538733,31771204375.2491,-10115889058.5348,48.9113986755528,3735545275.3846,1.52289887079111
SSP3,2069,0,24.1823221112803,-8282028604.83627,48075010.953125,6969473860.33409,5181.60749776417,179478.933274011,31833361539.6447,-10118434960.2597,49.4928159915308,3779950276.39746,1.53603524059596
SSP3,2070,0,24.3858979611555,-8282028604.83627,48760848.125,7068900238.96744,5191.72499756608,179524.092009288,31895518704.0402,-10120980861.9845,50.0759774619779,3824488484.96854,1.54896616088159
SSP3,2071,0,24.5774951455733,-8282028604.83627,49461613.3125,7170490744.29828,5201.84249736801,179569.250744566,31957675868.4358,-10123526763.7093,50.4739601447319,3854883901.38484,1.56113620914704
SSP3,2072,0,24.7871661868856,-8282028604.83627,50149488.5390625,7270212581.39518,5211.95999716992,179614.409479843,32019833032.8314,-10126072665.4342,51.1330604757124,3905221842.92952,1.57445428947473
SSP3,2073,0,24.995696190743,-8282028604.83627,50833592.5234375,7369387698.41181,5222.07749697184,179659.568215121,32081990197.2269,-10128618567.159,51.7843791063225,3954965467.09951,1.58769989232348
SSP3,2074,0,25.2070082901377,-8282028604.83627,51534180.78125,7470952554.10039,5232.19499677376,179704.726950399,32144147361.6225,-10131164468.8838,52.4408350653959,4005101448.13496,1.60112221090566
SSP3,2075,0,25.416895918916,-8282028604.83627,52237681.3828125,7572939614.65665,5242.31249657568,179749.885685676,32206304526.0181,-10133710370.6087,53.0731115609183,4053390753.68626,1.61445404863758
SSP3,2076,0,25.635915217593,-8282028604.83627,53092542.453125,7696869526.80101,5252.42999637761,179795.044420954,32268461690.4136,-10136256272.3335,53.537644723427,4088868877.54814,1.62836592027631
SSP3,2077,0,25.865400798676,-8282028604.83627,53949480.125,7821100485.58107,5262.54749617952,179840.203156232,32330618854.8092,-10138802174.0583,54.1352765001256,4134512237.18042,1.64294259898111
SSP3,2078,0,26.1083554409473,-8282028604.83627,54915128.953125,7961091390.05411,5272.66499598145,179885.361891509,32392776019.2048,-10141348075.7832,54.7029125581073,4177864712.30789,1.65837481804915
SSP3,2079,0,26.3815152438624,-8282028604.83627,56105245.765625,8133623602.7571,5282.78249578337,179930.520626787,32454933183.6003,-10143893977.508,55.2399602447745,4218881039.84932,1.67572563662071
SSP3,2080,0,26.6745773156362,-8282028604.83627,57450541.515625,8328652233.60204,5292.89999558528,179975.679362064,32517090347.9959,-10146439879.2329,55.7430414123745,4257303218.10737,1.69434062602723
SSP3,2081,0,26.9925166518974,-8282028604.83627,58910206.6171875,8540261083.36603,5304.00249604683,179932.136317936,32585298893.5754,-10143985064.8881,56.2100492837336,4292970344.68036,1.71453579267092
SSP3,2082,0,27.2971676742662,-8282028604.83627,60267001.921875,8736956814.1078,5315.10499650836,179888.593273808,32653507439.1548,-10141530250.5433,56.6983315569851,4330262276.3832,1.73388689982634
SSP3,2083,0,27.5827453128953,-8282028604.83627,61513670.8046875,8917687426.93543,5326.2074969699,179845.050229679,32721715984.7343,-10139075436.1986,57.1459157211834,4364445942.26033,1.75202648604316
SSP3,2084,0,27.8773094076703,-8282028604.83627,62848907.6875,9111257815.53481,5337.30999743144,179801.507185551,32789924530.3138,-10136620621.8538,57.5430464070962,4394776288.51177,1.7707368823445
SSP3,2085,0,28.203287797461,-8282028604.83627,64426678.1171875,9339988491.81145,5348.41249789298,179757.964141422,32858133075.8933,-10134165807.509,57.8911289013791,4421360642.10157,1.79144268107165
SSP3,2086,0,28.5192336745463,-8282028604.83627,66043706.203125,9574410382.78836,5359.51499835452,179714.421097294,32926341621.4728,-10131710993.1642,58.0333326167667,4432221268.2857,1.81151122532024
SSP3,2087,0,28.8172484735685,-8282028604.83627,67477913.0546875,9782328529.12062,5370.61749881605,179670.878053165,32994550167.0522,-10129256178.8195,58.2877826260615,4451654561.05141,1.83044080666527
SSP3,2088,0,29.1024960196292,-8282028604.83627,68810324.6796875,9975489337.77228,5381.7199992776,179627.335009037,33062758712.6317,-10126801364.4747,58.5682898291298,4473077938.53616,1.84855942575514
SSP3,2089,0,29.3949711065599,-8282028604.83627,70160571.5625,10171235738.4114,5392.82249973914,179583.791964908,33130967258.2112,-10124346550.1299,58.9095764353889,4499143264.90354,1.86713713051213
SSP3,2090,0,29.6893234395124,-8282028604.83627,71522757.03125,10368712885.6685,5403.92500020067,179540.24892078,33199175803.7907,-10121891735.7851,59.2527812330258,4525355090.67459,1.88583407592896
SSP3,2091,0,29.9927724765945,-8282028604.83627,73060888.140625,10591697017.092,5415.02750066221,179496.705876651,33267384349.3702,-10119436921.4404,59.3811178681642,4535156636.40895,1.90510883426433
SSP3,2092,0,30.2991588779947,-8282028604.83627,74530022.421875,10804678621.6199,5426.13000112375,179453.162832523,33335592894.9497,-10116982107.0956,59.6788830957339,4557898073.35701,1.92457017084005
SSP3,2093,0,30.5407482156183,-8282028604.83627,75538542.3671875,10950884587.1959,5437.23250158529,179409.619788394,33403801440.5291,-10114527292.7508,60.0025548167531,4582618085.48034,1.93991566721688
SSP3,2094,0,30.7027844037385,-8282028604.83627,75962726.0390625,11012378842.829,5448.33500204682,179366.076744266,33472009986.1086,-10112072478.406,60.3937701994466,4612496658.0432,1.95020803260922
SSP3,2095,0,30.7595425032697,-8282028604.83627,75631890.9765625,10964417411.8389,5459.43750250836,179322.533700137,33540218531.6881,-10109617664.0613,60.8396850029448,4646552828.64019,1.95381324639588
SSP3,2096,0,30.8295320945784,-8282028604.83627,75480547.3984375,10942477008.8986,5470.5400029699,179278.990656009,33608427077.2676,-10107162849.7165,61.1181398879118,4667819462.96496,1.95825891039086
SSP3,2097,0,30.9326554528149,-8282028604.83627,75596674.6953125,10959312078.5948,5481.64250343144,179235.447611881,33676635622.8471,-10104708035.3717,61.3227250438866,4683444391.58099,1.96480919582875
SSP3,2098,0,31.0558699907941,-8282028604.83627,75900500.25,11003357919.0328,5492.74500389298,179191.904567752,33744844168.4265,-10102253221.0269,61.4340897653364,4691949729.19801,1.97263565151894
SSP3,2099,0,31.2172307739504,-8282028604.83627,76466040.6171875,11085344770.9946,5503.84750435452,179148.361523624,33813052714.006,-10099798406.6822,61.5481417156351,4700660300.46818,1.98288511591022
SSP3,2100,0,31.3887330778233,-8282028604.83627,77091524.296875,11176021654.249,5514.95000481606,179104.818479495,33881261259.5855,-10097343592.3374,61.6811987569356,4710822361.16252,1.99377875885237
SSP5,2013,10957813875,17.0499712790067,-8282028604.83627,26679767.3984375,3867787813.18441,4744.11100382109,174897.633521158,29145588667.997,-9860156271.29552,28.5278730153082,2178779673.9571,1.08299594287046
SSP5,2014,17386435740,15.7433380902758,-8282028604.83627,13736666.0859375,1991415775.38956,4770.17141305407,170851.338474595,29305691576.0892,-9632039397.00942,30.9045946940357,2360298740.64271,1
SSP5,2015,16751791268,17.5843852951573,-8282028604.83627,20979484.4921875,3041413114.06359,4799.63124098381,164210.998407281,29486678915.2089,-9257678752.78532,33.9907596074397,2596000623.5064,1.11694134968865
SSP5,2016,20863791077,16.1121532079585,-8282028604.83627,16738413.921875,2426581626.90189,4798.05882167816,174014.236786714,29477018709.9019,-9810353254.09167,30.1273114399371,2300934730.08264,1.02342674187443
SSP5,2017,20087890503,17.5968490066633,-8282028604.83627,27141788.3515625,3934767370.5863,4781.67276197672,176773.822069087,29376350459.188,-9965929642.29289,33.174887306225,2533689424.01819,1.11773303131516
SSP5,2018,22952441203,17.1575169084965,-8282028604.83627,22424220.8984375,3250857738.59525,4793.40509357055,171956.375507542,29448428391.2758,-9694337768.98317,31.8774216771704,2434597152.44487,1.0898271262493
SSP5,2019,22757028597,16.6479642623541,-8282028604.83627,19122121.2109375,2772149632.2427,4809.12887008737,171985.783317158,29545027885.3217,-9695995685.05997,30.2304399114576,2308811034.68602,1.05746088706798
SSP5,2020,24991858668,16.4377558740004,-8282028604.83627,18752348.9453125,2718543442.90531,4807.23388322194,174714.079892013,29533385976.5075,-9849808118.31544,30.3463455332865,2317663177.73933,1.04410867503084
SSP5,2021,25842821986,16.3366202971458,-8282028604.83627,20125600.578125,2917624861.06411,4794.29118452531,175616.111791486,29453872117.7125,-9900661725.14494,28.1224190555279,2147813648.35047,1.03768465134065
SSP5,2022,33503635306,16.4496234430843,-8282028604.83627,20212442.875,2930214460.23512,4801.31050800343,175701.712004616,29496995542.661,-9905487585.05697,28.9357352711257,2209929630.0815,1.0448624903282
SSP5,2023,0,16.5870647442737,-8282028604.83627,20502649.8203125,2972285999.67616,4808.32983148154,175787.312217746,29540118967.6095,-9910313444.969,29.6830106381403,2267001826.79335,1.05359261480378
SSP5,2024,0,16.7469650694727,-8282028604.83627,20983763.3046875,3042033417.02933,4815.34915495965,175872.912430876,29583242392.5579,-9915139304.88102,30.3619790774519,2318857169.6027,1.0637493124674
SSP5,2025,0,16.9445679478984,-8282028604.83627,21733836.8125,3150772190.09223,4822.36847843776,175958.512644006,29626365817.5064,-9919965164.79306,31.0240725688212,2369423709.92909,1.0763008359939
SSP5,2026,0,17.0889443867638,-8282028604.83627,23467385.9296875,3402086230.76138,4829.38780191587,176044.112857136,29669489242.4549,-9924791024.70509,29.1224344883395,2224188543.08882,1.08547147299842
SSP5,2027,0,17.2618945873446,-8282028604.83627,23959465.8203125,3473423457.04409,4836.40712539398,176129.713070266,29712612667.4034,-9929616884.61711,29.9514554200654,2287503952.3505,1.09645708479111
SSP5,2028,0,17.4290527336514,-8282028604.83627,24260467.21875,3517059877.22879,4843.42644887209,176215.313283396,29755736092.3519,-9934442744.52914,31.0673388085274,2372728113.43614,1.10707479149018
SSP5,2029,0,17.5829219910161,-8282028604.83627,24578531.8125,3563169962.86558,4850.4457723502,176300.913496526,29798859517.3004,-9939268604.44117,31.9768350365385,2442189720.12753,1.11684840217441
SSP5,2030,0,17.7253595536301,-8282028604.83627,24933623.4453125,3614647888.79519,4857.46509582831,176386.513709656,29841982942.2489,-9944094464.3532,32.6663663878054,2494851791.7755,1.12589588383283
SSP5,2031,0,17.7934052539951,-8282028604.83627,25841561.3046875,3746272386.68436,4864.48441930641,176472.113922786,29885106367.1974,-9948920324.26523,31.3324472361213,2392975429.21487,1.13021807395381
SSP5,2032,0,18.1224860416915,-8282028604.83627,27219079.765625,3945972370.4242,4871.50374278453,176557.714135916,29928229792.1459,-9953746184.17726,32.5250465176336,2484058668.13494,1.15112093367831
SSP5,2033,0,18.3979187971822,-8282028604.83627,28333731.734375,4107564382.68911,4878.52306626264,176643.314349046,29971353217.0944,-9958572044.08929,33.5141718616585,2559601846.32424,1.16861612776683
SSP5,2034,0,18.58335663324,-8282028604.83627,28979610.8515625,4201198009.28491,4885.54238974075,176728.914562176,30014476642.0429,-9963397904.00132,34.2147616348664,2613108490.7498,1.18039494081109
SSP5,2035,0,18.6604610734746,-8282028604.83627,28935709.4375,4194833585.19692,4892.56171321885,176814.514775307,30057600066.9914,-9968223763.91335,34.8062124847952,2658279790.03587,1.18529253240141
SSP5,2036,0,18.6243875260034,-8282028604.83627,28947661.1015625,4196566227.76153,4899.58103669697,176900.114988437,30100723491.9399,-9973049623.82537,33.8097472218588,2582176034.96359,1.1830011792421
SSP5,2037,0,18.6749419034644,-8282028604.83627,28657889.2890625,4154557769.88204,4906.60036017507,176985.715201567,30143846916.8884,-9977875483.73741,34.5202700704418,2636441305.26762,1.18621233923696
SSP5,2038,0,18.6920637123252,-8282028604.83627,28249576.5859375,4095364341.63619,4913.61968365318,177071.315414697,30186970341.8369,-9982701343.64944,35.0180548323069,2674458977.33786,1.18729989822621
SSP5,2039,0,18.7194275148394,-8282028604.83627,27946228.546875,4051387727.03092,4920.63900713129,177156.915627827,30230093766.7854,-9987527203.56146,35.4507017399109,2707501829.42087,1.18903801769981
SSP5,2040,0,18.760561190885,-8282028604.83627,27789680.8828125,4028692883.47397,4927.6583306094,177242.515840957,30273217191.7338,-9992353063.4735,35.7849915437524,2733032783.98696,1.191650784815
SSP5,2041,0,18.9646492368623,-8282028604.83627,28929182.703125,4193887399.14895,4937.79583073259,177256.397074253,30335497228.7048,-9993135641.98403,35.4890267888716,2710428855.82884,1.20461423924931
SSP5,2042,0,19.137416429803,-8282028604.83627,29494744.0625,4275877294.36546,4947.93333085577,177270.278307549,30397777265.6757,-9993918220.49456,35.8724026512464,2739708695.0927,1.2155882265924
SSP5,2043,0,19.2966915371341,-8282028604.83627,29978368.53125,4345988731.18775,4958.07083097895,177284.159540845,30460057302.6466,-9994700799.00509,36.2346504698607,2767374907.14112,1.22570521108564
SSP5,2044,0,19.4472000682372,-8282028604.83627,30448525.6328125,4414147792.71735,4968.20833110214,177298.040774141,30522337339.6175,-9995483377.51562,36.5076764817426,2788226918.25428,1.23526535203161
SSP5,2045,0,19.5698633221971,-8282028604.83627,30772337.9765625,4461091134.39687,4978.34583122532,177311.922007437,30584617376.5884,-9996265956.02615,36.6938983202296,2802449372.07426,1.24305679075042
SSP5,2046,0,19.8686686757314,-8282028604.83627,32343745.6875,4688899402.10554,4988.4833313485,177325.803240733,30646897413.5593,-9997048534.53668,36.8182817842429,2811948999.43951,1.26203658727266
SSP5,2047,0,20.0410188408815,-8282028604.83627,32969103.65625,4779558060.94192,4998.62083147168,177339.684474029,30709177450.5302,-9997831113.04722,37.0826927477345,2832143047.29291,1.27298408545646
SSP5,2048,0,20.2233148085329,-8282028604.83627,33668322.8984375,4880924449.30988,5008.75833159487,177353.565707325,30771457487.5011,-9998613691.55776,37.3371274121866,2851575168.11597,1.28456333037936
SSP5,2049,0,20.3868712023246,-8282028604.83627,34208856.328125,4959286024.98413,5018.89583171805,177367.446940621,30833737524.472,-9999396270.06829,37.6474090231156,2875272527.77303,1.29495225761028
SSP5,2050,0,20.5621166690606,-8282028604.83627,34782141.9453125,5042395712.20582,5029.03333184123,177381.328173917,30896017561.4429,-10000178848.5788,38.0485721801237,2905910848.82699,1.30608366225466
SSP5,2051,0,20.9950299290407,-8282028604.83627,37151410.7109375,5385870552.93399,5039.17083196442,177395.209407213,30958297598.4138,-10000961427.0894,38.4144174240978,2933851809.61846,1.33358184958301
SSP5,2052,0,21.216943824099,-8282028604.83627,37991839.453125,5507708198.60526,5049.3083320876,177409.090640509,31020577635.3847,-10001744005.5999,38.9195492012096,2972430600.54516,1.34767758288848
SSP5,2053,0,21.4629831932644,-8282028604.83627,38925042.09375,5642995352.60242,5059.44583221078,177422.971873805,31082857672.3556,-10002526584.1104,39.5644668409126,3021685357.253,1.3633057405101
SSP5,2054,0,21.7188363971798,-8282028604.83627,39855364.6953125,5777864984.96902,5069.58333233397,177436.8531071,31145137709.3265,-10003309162.621,40.3433488456638,3081171470.3415,1.37955726242041
SSP5,2055,0,21.9819241671284,-8282028604.83627,40729665.8046875,5904613135.55792,5079.72083245715,177450.734340397,31207417746.2974,-10004091741.1315,41.3232954129314,3156013631.2408,1.39626831622869
SSP5,2056,0,22.5086557217708,-8282028604.83627,43665173.1796875,6330176052.99186,5089.85833258033,177464.615573692,31269697783.2683,-10004874319.642,41.8427303806894,3195684809.98892,1.42972574130729
SSP5,2057,0,22.7293828946652,-8282028604.83627,44264406.9765625,6417047469.15485,5099.99583270352,177478.496806988,31331977820.2393,-10005656898.1525,42.7901544682892,3268043108.25995,1.44374609528995
SSP5,2058,0,22.992788434607,-8282028604.83627,45125556.5,6541889023.51848,5110.1333328267,177492.378040284,31394257857.2102,-10006439476.6631,43.7992257964394,3345109635.37772,1.46047733350839
SSP5,2059,0,23.293586993154,-8282028604.83627,46265205.2109375,6707104834.04813,5120.27083294988,177506.25927358,31456537894.1811,-10007222055.1736,44.7692622613687,3419194924.93474,1.47958373628156
SSP5,2060,0,23.6059585498396,-8282028604.83627,47582993.390625,6898145669.8109,5130.40833307306,177520.140506877,31518817931.152,-10008004633.6841,45.5526896698492,3479028187.39712,1.49942524352064
SSP5,2061,0,24.0373372157504,-8282028604.83627,49803430.6015625,7220044277.70162,5144.00874980043,177538.799495961,31602372500.4548,-10009056566.4321,45.9059188022117,3506005608.86236,1.52682595507477
SSP5,2062,0,24.2515966618495,-8282028604.83627,50259569.6796875,7286171134.84927,5157.60916652779,177557.458485046,31685927069.7576,-10010108499.18,46.7652452271594,3571635561.25893,1.54043548596781
SSP5,2063,0,24.4420530369854,-8282028604.83627,50624115.296875,7339019612.66584,5171.20958325516,177576.11747413,31769481639.0605,-10011160431.928,47.4867664990672,3626740822.02327,1.55253307124761
SSP5,2064,0,24.6343389828805,-8282028604.83627,51025432.7265625,7397198930.37064,5184.80999998252,177594.776463215,31853036208.3633,-10012212364.6759,48.1624438693196,3678344813.65871,1.56474686890555
SSP5,2065,0,24.8243892100847,-8282028604.83627,51407480.7578125,7452584747.54258,5198.41041670988,177613.435452299,31936590777.6661,-10013264297.4238,48.845424561586,3730506587.13606,1.57681865610305
SSP5,2066,0,25.0899385157899,-8282028604.83627,52402714.0625,7596864537.90429,5212.01083343725,177632.094441384,32020145346.969,-10014316230.1718,49.3530190689618,3769273465.92472,1.5936860640303
SSP5,2067,0,25.2418289325004,-8282028604.83627,52532887.8203125,7615735934.5902,5225.61125016461,177650.753430468,32103699916.2718,-10015368162.9197,50.0144558310362,3819789849.3944,1.6033339808723
SSP5,2068,0,25.4164011673115,-8282028604.83627,52760278.328125,7648700923.44548,5239.21166689198,177669.412419553,32187254485.5746,-10016420095.6676,50.7883426135151,3878894458.79533,1.61442262254474
SSP5,2069,0,25.5932294993945,-8282028604.83627,52984220.2109375,7681165962.29939,5252.81208361934,177688.071408637,32270809054.8775,-10017472028.4156,51.5983157279787,3940755115.46952,1.62565456910328
SSP5,2070,0,25.8059141157965,-8282028604.83627,53480952.0703125,7753177588.31618,5266.4125003467,177706.730397722,32354363624.1803,-10018523961.1635,52.3599698259872,3998925469.29985,1.63916406849803
SSP5,2071,0,26.0917879179468,-8282028604.83627,54423507.515625,7889820626.09782,5280.01291707407,177725.389386806,32437918193.4831,-10019575893.9115,53.2336752215225,4065653597.11357,1.65732246670501
SSP5,2072,0,26.3415682921184,-8282028604.83627,55282241.2265625,8014311958.1373,5293.61333380143,177744.048375891,32521472762.786,-10020627826.6594,53.7938994423006,4108440002.69083,1.6731882489641
SSP5,2073,0,26.6053296568786,-8282028604.83627,56276851.359375,8158501406.75997,5307.2137505288,177762.707364975,32605027332.0888,-10021679759.4073,54.2792664178333,4145509282.2734,1.68994208879449
SSP5,2074,0,26.8681685352607,-8282028604.83627,57265276.6171875,8301794228.96931,5320.81416725616,177781.36635406,32688581901.3916,-10022731692.1553,54.7642947956659,4182552701.89137,1.70663733327663
SSP5,2075,0,27.1038936466427,-8282028604.83627,58111064.2578125,8424408758.55262,5334.41458398352,177800.025343144,32772136470.6945,-10023783624.9032,55.165060226705,4213160647.1351,1.72161034027364
SSP5,2076,0,27.3896906602175,-8282028604.83627,59187263.890625,8580426304.06501,5348.01500071089,177818.684332229,32855691039.9973,-10024835557.6512,55.7840798834122,4260437478.64265,1.73976386095242
SSP5,2077,0,27.6262720134063,-8282028604.83627,60058344.78125,8706707616.89438,5361.61541743825,177837.343321313,32939245609.3001,-10025887490.3991,56.1480454625706,4288234882.44716,1.75479125551336
SSP5,2078,0,27.8625332295952,-8282028604.83627,60971144.609375,8839036958.39027,5375.21583416562,177856.002310398,33022800178.603,-10026939423.147,56.4286294021607,4309664120.58524,1.7697983153144
SSP5,2079,0,28.1033775232565,-8282028604.83627,61916046.7578125,8976020199.65318,5388.81625089298,177874.661299482,33106354747.9058,-10027991355.895,56.708286029343,4331022536.42876,1.78509648729548
SSP5,2080,0,28.3593670302203,-8282028604.83627,62910795.7421875,9120229777.70102,5402.41666762034,177893.320288567,33189909317.2086,-10029043288.6429,57.0916285438216,4360299828.78986,1.80135666702966
SSP5,2081,0,28.8057568966347,-8282028604.83627,64936247.671875,9413861209.07155,5417.83833432695,177888.826077077,33284652790.5471,-10028789919.7052,57.8479305248499,4418061421.55753,1.82971087398722
SSP5,2082,0,29.2989538053211,-8282028604.83627,67358060.5234375,9764953409.13456,5433.26000103355,177884.331865586,33379396263.8857,-10028536550.7675,58.4647378345727,4465169287.90463,1.86103821421571
SSP5,2083,0,29.7879027837166,-8282028604.83627,69837679.1328125,10124425757.4298,5448.68166774015,177879.837654096,33474139737.2242,-10028283181.8298,58.9161992743862,4499649075.72874,1.89209573045476
SSP5,2084,0,30.1033405354117,-8282028604.83627,71200160.7421875,10321945836.4368,5464.10333444675,177875.343442606,33568883210.5627,-10028029812.8921,59.2163133920324,4522569906.14061,1.91213199912194
SSP5,2085,0,30.4164538240191,-8282028604.83627,72564247.015625,10519698544.9122,5479.52500115335,177870.849231116,33663626683.9013,-10027776443.9545,59.4829461932332,4542933643.99638,1.93202062037951
SSP5,2086,0,30.6373897873882,-8282028604.83627,73246236.0390625,10618567054.303,5494.94666785996,177866.355019625,33758370157.2398,-10027523075.0168,59.837395512875,4570004255.69846,1.94605423650985
SSP5,2087,0,30.8016587429111,-8282028604.83627,73609396.171875,10671214677.3107,5510.36833456655,177861.860808135,33853113630.5783,-10027269706.0791,60.0550684387568,4586628745.93744,1.95648842489995
SSP5,2088,0,30.9768348234889,-8282028604.83627,74071861.4296875,10738258645.9284,5525.79000127316,177857.366596645,33947857103.9169,-10027016337.1414,60.227055221101,4599764015.62123,1.96761542220975
SSP5,2089,0,31.1277245018625,-8282028604.83627,74357847.7890625,10779718323.5563,5541.21166797976,177852.872385154,34042600577.2554,-10026762968.2037,60.4160359229813,4614197174.0907,1.97719977322276
SSP5,2090,0,31.2542078272567,-8282028604.83627,74403744.359375,10786371987.0861,5556.63333468636,177848.378173664,34137344050.5939,-10026509599.266,60.7411846896473,4639029993.67889,1.98523385879399
SSP5,2091,0,31.3660600973537,-8282028604.83627,74234174.4921875,10761789304.0365,5572.05500139297,177843.883962174,34232087523.9325,-10026256230.3283,61.2837550004656,4680468104.54924,1.9923385953788
SSP5,2092,0,31.482685859452,-8282028604.83627,74112602.0546875,10744164847.8275,5587.47666809957,177839.389750684,34326830997.271,-10026002861.3906,61.7977194642538,4719721480.58036,1.99974653907089
SSP5,2093,0,31.6022734497004,-8282028604.83627,73991979.3203125,10726678070.8612,5602.89833480617,177834.895539193,34421574470.6095,-10025749492.4529,62.3486619494394,4761799005.51879,2.00734261491978
SSP5,2094,0,31.7377292265467,-8282028604.83627,73944460.5703125,10719789238.6086,5618.32000151277,177830.401327703,34516317943.9481,-10025496123.5152,62.968610398392,4809146772.34158,2.01594662101236
SSP5,2095,0,31.8596806461637,-8282028604.83627,73772508.390625,10694861189.7574,5633.74166821937,177825.907116213,34611061417.2866,-10025242754.5775,63.64793607294,4861029398.53345,2.02369284477493
SSP5,2096,0,31.9396783764408,-8282028604.83627,73161094.828125,10606224062.9588,5649.16333492597,177821.412904723,34705804890.6251,-10024989385.6398,64.6121161414484,4934667413.333,2.02877421505475
SSP5,2097,0,32.0409173426488,-8282028604.83627,72756404.5234375,10547555776.7924,5664.58500163258,177816.918693232,34800548363.9637,-10024736016.7021,65.4620212322594,4999577823.43114,2.0352048059261
SSP5,2098,0,32.1337584465743,-8282028604.83627,72319797.1171875,10484260442.1734,5680.00666833918,177812.424481742,34895291837.3022,-10024482647.7644,66.2625531352302,5060717419.69936,2.04110197356572
SSP5,2099,0,32.2217197222814,-8282028604.83627,71901740.2109375,10423654388.7899,5695.42833504578,177807.930270252,34990035310.6407,-10024229278.8267,66.9639788293825,5114287906.51379,2.04668917973526
SSP5,2100,0,32.2904450453585,-8282028604.83627,71417144.890625,10353402206.8184,5710.85000175238,177803.436058761,35084778783.9793,-10023975909.889,67.5398400684493,5158268569.28614,2.05105453876414
