iso3,lon,lat
IDN,117.27043334,-2.222961
MYS,109.69886844,3.79239285
CHL,-71.36437464,-37.74360562
BOL,-64.68475373,-16.70687681
PER,-74.37806457,-9.15438848
ARG,-65.17819064,-35.38755136
CYP,33.22710169,35.04804195
IND,79.26822724,22.76926756
CHN,103.9662147,36.52169689
ISR,34.94980172,31.34465508
PSE,35.19781236,31.91608338
LBN,35.87993656,33.92035933
ETH,39.60055103,8.62295174
SSD,30.32688043,7.27005673
SOM,45.85083146,6.06265159
KEN,37.83814987,0.52624298
PAK,69.34134311,29.94849683
MWI,34.2899078,-13.21722587
TZA,34.81358642,-6.27509748
SYR,38.48594238,35.00951666
FRA,-2.75522119,42.18010698
SUR,-55.91107136,4.13124498
GUY,-58.98011465,4.79346187
KOR,127.81909397,36.37335355
PRK,127.18377778,40.15064274
MAR,-6.29346945,31.8430024
CRI,-84.19359756,9.97330952
NIC,-85.03333837,12.8453926
COG,15.21833616,-0.83887999
ZAR,23.64511365,-2.87979987
BTN,90.4044602,27.42175656
UKR,31.38574756,48.99736906
BLR,28.0335664,53.53188048
NAM,17.2111332,-22.12924664
ZAF,25.08736444,-29.00103218
MAF,-63.05507063,18.07762062
SXM,-63.0701327,18.04063048
OMN,56.09265654,20.60180565
UZB,63.13990889,41.75603587
KAZ,67.28699932,48.15565063
TJK,71.01583424,38.52988565
LTU,23.88824902,55.32702364
BRA,-53.09248235,-10.78085885
URY,-56.0171551,-32.79821075
MNG,103.05628666,46.82580607
RUS,96.6841032,61.98786422
CZE,15.3141031,49.73244821
DEU,10.38149384,51.10636349
EST,25.53579321,58.67101415
LVA,24.90862243,56.85181948
NOR,15.40959916,68.79427292
SWE,16.75446643,62.77709986
FIN,26.25561184,64.48483271
VNM,106.30093524,16.64218284
KHM,104.90280421,12.71556248
LUX,6.07176397,49.76682428
ARE,54.3007956,23.90578306
BEL,4.63996051,50.63746163
GEO,43.50752633,42.16880078
MKD,21.68383041,41.59500493
ALB,20.0538192,41.14248206
AZE,47.54211125,40.28911904
XXK,20.87374319,42.57288339
TUR,35.16723939,39.06108062
ESP,-3.65263702,40.2272337
LAO,103.7378722,18.50230147
KGZ,74.54166939,41.46191866
ARM,44.93230122,40.28813415
DNK,10.0513897,55.96537746
LBY,18.00960512,27.03027798
TUN,9.55462625,34.11940522
ROM,24.97294185,45.8534641
HUN,19.39675927,47.16324369
SVK,19.48038297,48.7049353
POL,19.39432214,52.12477182
IRL,-8.14504467,53.17822137
GBR,-2.88695152,54.14704819
GRC,22.97481893,39.05118118
ZMB,27.77421234,-13.46011002
SLE,-11.79501558,8.56308584
GIN,-10.94306127,10.43464905
LBR,-9.31986399,6.45223255
CAF,20.4648092,6.56632186
SDN,29.94836958,16.02256313
DJI,42.56645365,11.75015588
ERI,38.85294445,15.35751373
AUT,14.13067289,47.58565692
IRQ,43.74497702,33.03980378
ITA,12.07190709,42.786434
CHE,8.21535366,46.79895687
IRN,54.27694673,32.57067818
LIE,9.54090029,47.13820643
CIV,-5.56900019,7.62796652
SRB,20.79040247,44.22137592
MLI,-3.53907941,17.34416279
SEN,-14.47130603,14.36778858
NGA,8.09123928,9.59531483
BEN,2.32874073,9.64121669
AGO,17.53698501,-12.29231569
HRV,16.39854884,45.06772617
SVN,14.80808962,46.11611098
QAT,51.18683129,25.31307459
SAU,44.53686368,24.12232707
BWA,23.79898673,-22.18577232
ZWE,29.85188462,-19.00253671
BGR,25.21751251,42.76852261
THA,101.00333333,15.1144
SMR,12.44222256,43.93646619
HTI,-72.69087406,18.93837144
DOM,-70.49658654,18.89636587
TCD,18.64625111,15.33307811
KWT,47.5946235,29.34004209
SLV,-88.87103252,13.73584955
GTM,-90.36015746,15.69601648
TMP,125.85107557,-8.82377873
BRN,114.72724575,4.51650031
MCO,7.39897432,43.73984619
DZA,2.65309138,28.14888966
MOZ,35.53810553,-17.27001003
SWZ,31.4800241,-26.56191435
BDI,29.87508269,-3.35742534
RWA,29.9190607,-1.99275053
MMR,96.48928941,21.16766986
BGD,90.24200002,23.84567735
ADO,1.56075624,42.54132652
AFG,66.00844769,33.83626707
MNE,19.23850029,42.78581805
BIH,17.77340802,44.17173406
UGA,32.36703985,1.27569119
USA1,-75.15467341,19.9292536
CUB,-79.03521176,21.62529805
HND,-86.62522746,14.82100942
ECU,-78.77228231,-1.42624147
COL,-73.0838421,3.90941305
PRY,-58.39842281,-23.22751882
PRT,-8.59083759,39.58714686
MDA,28.46139713,47.19510149
TKM,59.37596074,39.1159339
JOR,36.7709218,31.24557414
NPL,83.91625344,28.24792219
LSO,28.22862293,-29.57973044
CMR,12.73698417,5.69305821
GAB,11.78956926,-0.59165592
NER,9.386034,17.41846377
BFA,-1.7555277,12.26955391
TGO,0.9622716,8.52678821
GHA,-1.21652383,7.95395472
GNB,-14.97751375,12.0269219
GIB,-5.34670032,36.12946367
USA,-112.49572607,45.68811344
CAN,-98.29390431,61.3764628
MEX,-102.53030787,23.9491712
BLZ,-88.69388853,17.20831869
PAN,-80.12129495,8.51455697
VEN,-66.16884026,7.12773154
PNG,145.23152362,-6.4701206
EGY,29.86120871,26.49291963
YEM,47.59060193,15.90542129
MRT,-10.34339788,20.25621813
GNQ,10.33288546,1.70696104
GMB,-15.39758203,13.44972956
HKG,114.13144689,22.38463689
VAT,12.45341773,41.90331247
AUS,134.49111533,-25.73230624
GRL,-41.34573937,74.73599062
FJI,163.40784762,-17.44756192
NCL,165.70265475,-21.30434015
MDG,46.70599831,-19.37316753
PHL,122.87448426,11.76301505
LKA,80.70316284,7.61591405
CUW,-68.97130561,12.19382109
ABW,-69.97420075,12.51693527
BHS,-76.55125222,24.22280928
TCA,-71.8733066,21.78004538
JPN,137.97834761,37.5511774
SPM,-56.30781354,46.93045795
ISL,-18.59644593,64.99831582
PCN,-128.47926706,-24.41276999
PYF,-145.05204038,-15.18877958
ATF,68.99213405,-49.06515148
SYC,52.06229188,-6.48999051
KIR,-51.52532494,0.61518571
MHL,170.09952797,7.11446518
TTO,-61.25844984,10.46882986
GRD,-61.65668238,12.1533724
VCT,-61.20335327,13.21621592
BRB,-59.56121775,13.18105383
LCA,-60.97031653,13.90267055
DMA,-61.35691759,15.43644049
MSR,-62.18739879,16.73752357
ATG,-61.79173246,17.28438023
KNA,-62.69854545,17.27104226
VIR,-64.79765445,17.98054561
BLM,-62.83261963,17.90558452
PRI,-66.46760029,18.22381647
AIA,-63.05857125,18.22569251
VGB,-64.50286318,18.50988414
JAM,-77.31881047,18.15522639
CYM,-80.87702592,19.42633116
BMU,-64.76349139,32.31013657
HMD,73.50521019,-53.08881702
SHN,-10.13841782,-24.91135054
MUS,57.84970019,-20.18554388
COM,43.68016319,-11.88421621
STP,6.72644287,0.44426003
CPV,-23.96723977,15.93614025
MLT,14.40375404,35.92102698
JEY,-2.12743081,49.22106421
GGY,-2.53048002,49.48437292
IMY,-4.53369508,54.2291019
FRO,-6.87055478,62.07402725
IOT,72.29881483,-7.14433123
SGP,103.81346766,1.35892102
NFK,167.95516933,-29.0349751
COK,-158.79121359,-19.81450837
TON,-174.86851227,-20.06655974
WLF,-177.05899602,-13.73810196
WSM,-172.1612493,-13.75459566
SLB,159.63809446,-8.90958321
TUV,178.52035313,-7.75906904
MDV,73.3022772,3.82777987
NRU,166.93313193,-0.52078288
FSM,155.26063332,6.96728114
SGS,-35.88231663,-54.67921915
FLK,-59.37610281,-51.73330728
VUT,167.70084414,-16.20126791
NIU,-169.86934604,-19.04891976
ASM,-170.39892092,-14.25494351
PLW,134.34803337,7.19763602
GUM,144.77193912,13.44379302
MNP,145.599955,16.25085974
BHR,50.54661935,26.05278429
FRA1,-109.22126424,10.29738939
MAC,113.55019686,22.1577852
BES,-67.81390416,12.66913792
NLD,5.58425874,52.2680309
CCK,96.86729695,-12.17590058
CXR,105.66252271,-10.49252335
UMI,-109.25990467,12.22290524
USA2,-75.01465823,18.40705002
TKL,-171.81627598,-8.96995128
NZL,171.47479228,-41.82991478
WB001,-171,-85.5
WB002,-153,-85.5
WB003,-135,-85.5
WB004,-117,-85.5
WB005,-99,-85.5
WB006,-81,-85.5
WB007,-63,-85.5
WB008,-45,-85.5
WB009,-27,-85.5
WB010,-9,-85.5
WB011,9,-85.5
WB012,27,-85.5
WB013,45,-85.5
WB014,63,-85.5
WB015,81,-85.5
WB016,99,-85.5
WB017,117,-85.5
WB018,135,-85.5
WB019,153,-85.5
WB020,171,-85.5
WB021,-171,-76.5
WB022,-153,-76.5
WB023,-135,-76.5
WB024,-117,-76.5
WB025,-99,-76.5
WB026,-81,-76.5
WB027,-63,-76.5
WB028,-45,-76.5
WB029,-27,-76.5
WB030,-9,-76.5
WB031,9,-76.5
WB032,27,-76.5
WB033,45,-76.5
WB034,63,-76.5
WB035,81,-76.5
WB036,99,-76.5
WB037,117,-76.5
WB038,135,-76.5
WB039,153,-76.5
WB040,171,-76.5
WB041,-171,-67.5
WB042,-153,-67.5
WB043,-135,-67.5
WB044,-117,-67.5
WB045,-99,-67.5
WB046,-81,-67.5
WB047,-63,-67.5
WB048,-45,-67.5
WB049,-27,-67.5
WB050,-9,-67.5
WB051,9,-67.5
WB052,27,-67.5
WB053,45,-67.5
WB054,63,-67.5
WB055,81,-67.5
WB056,99,-67.5
WB057,117,-67.5
WB058,135,-67.5
WB059,153,-67.5
WB060,171,-67.5
WB061,-171,-58.5
WB062,-153,-58.5
WB063,-135,-58.5
WB064,-117,-58.5
WB065,-99,-58.5
WB066,-81.01856223,-58.5258474
WB067,-72.83326164,-54.06264297
WB068,-70.68880417,-54.31561737
WB069,-62.77496977,-58.7077689
WB070,-71.20057554,-54.10015358
WB071,-71.39973086,-54.04997075
WB072,-71.99459703,-54.70961109
WB073,-71.97891399,-54.49564645
WB074,-71.99385421,-54.53310413
WB075,-45.04989018,-58.54547216
WB076,-36.29552481,-54.19507737
WB077,-37.11745168,-54.09296207
WB078,-36.04476246,-54.78911895
WB079,-26.998524,-58.5007333
WB080,-9,-58.5
WB081,9.00026351,-58.50019247
WB082,27,-58.5
WB083,45,-58.5
WB084,63,-58.5
WB085,81,-58.5
WB086,99,-58.5
WB087,117,-58.5
WB088,135,-58.5
WB089,152.99939729,-58.50039743
WB090,171,-58.5
WB091,-171,-49.5
WB092,-153,-49.5
WB093,-135,-49.5
WB094,-117,-49.5
WB095,-99,-49.5
WB096,-82.1260097,-49.63211919
WB097,-72.49149541,-54.01412831
WB098,-72.63803428,-54.03678428
WB099,-72.00356138,-53.54559733
WB100,-61.02860991,-49.78138652
WB101,-71.93610126,-54.00442624
WB102,-71.76251855,-52.62052967
WB103,-71.59527199,-53.05680089
WB104,-44.98696617,-49.52717783
WB105,-27,-49.5
WB106,-9,-49.5
WB107,9,-49.5
WB108,27,-49.5
WB109,45.00075783,-49.50108868
WB110,62.96521903,-49.50109301
WB111,81.00245067,-49.49882652
WB112,99,-49.5
WB113,117,-49.5
WB114,135,-49.5
WB115,153,-49.5
WB116,171.08076895,-49.70329353
WB117,167.25655038,-45.3150092
WB118,167.04457717,-45.35291424
WB119,-170.99689439,-40.49805613
WB120,-153,-40.5
WB121,-135,-40.5
WB122,-117,-40.5
WB123,-99,-40.5
WB124,-81.69306487,-40.54436077
WB125,-74.16458704,-45.14740414
WB126,-74.09840989,-45.14241651
WB127,-58.7472198,-41.62736463
WB128,-45,-40.5
WB129,-27,-40.5
WB130,-8.99979113,-40.50017657
WB131,9,-40.5
WB132,27,-40.5
WB133,45,-40.5
WB134,63,-40.5
WB135,81.00013806,-40.50009984
WB136,99,-40.5
WB137,117,-40.5
WB138,134.5411858,-40.7634096
WB139,143.99897928,-38.54116291
WB140,153.90987718,-40.79991664
WB141,170.5779419,-40.56296179
WB142,-170.99984498,-31.50005045
WB143,-153.00020624,-31.50009279
WB144,-135,-31.5
WB145,-117.012486,-31.52121572
WB146,-99,-31.5
WB147,-81.02351795,-31.49950489
WB148,-71.66708358,-29.78800098
WB149,-71.99460113,-34.29520669
WB150,-56.04566907,-35.2729503
WB151,-43.84568651,-31.87685383
WB152,-27,-31.5
WB153,-9,-31.5
WB154,8.67624232,-31.65048198
WB155,18.14218666,-32.19368109
WB156,18.04790312,-33.1093764
WB157,30.23649889,-32.98291219
WB158,45,-31.5
WB159,63,-31.5
WB160,81,-31.5
WB161,99,-31.5
WB162,114.10527458,-32.4890749
WB163,131.49302565,-34.2150805
WB164,157.06830104,-31.93927752
WB165,170.99657371,-31.54634518
WB166,174.17987242,-36.17274223
WB167,174.45498484,-36.26640555
WB168,-170.99831385,-22.50135659
WB169,-152.99958356,-22.50013894
WB170,-134.98671158,-22.52991145
WB171,-116.98837727,-22.52084542
WB172,-98.99999857,-22.49999912
WB173,-81.0000014,-22.49999477
WB174,-71.18282625,-22.29393234
WB175,-40.70601057,-23.76240767
WB176,-26.99999184,-22.50000681
WB177,-9,-22.5
WB178,7.0235081,-22.75355351
WB179,34.91171086,-24.30285185
WB180,44.77574129,-22.83217408
WB181,63.01586433,-22.50432452
WB182,81,-22.5
WB183,99,-22.5
WB184,112.59044921,-21.71063493
WB185,155.87649626,-22.08460463
WB186,171.03439412,-22.54716447
WB187,-170.99501514,-13.49832365
WB188,-153.00324327,-13.49668792
WB189,-135.01074557,-13.5304874
WB190,-117,-13.5
WB191,-99,-13.5
WB192,-82.77385488,-13.88949305
WB193,-71.61240022,-17.6684415
WB194,-37.39293109,-14.83704461
WB195,-26.97559998,-13.51495774
WB196,-9.00021369,-13.49983992
WB197,6.3780413,-13.42752617
WB198,46.82913422,-13.22802998
WB199,63.00004766,-13.50002199
WB200,81,-13.5
WB201,98.99967912,-13.50016033
WB202,116.52419271,-13.43424278
WB203,135.42906064,-11.97959783
WB204,126.0575365,-14.1947499
WB205,126.01671171,-14.4768243
WB206,153.33488242,-13.55260202
WB207,148.73208731,-9.09124088
WB208,170.97657171,-13.48509342
WB209,179.26979138,-18.0205033
WB210,-170.99998027,-4.50001312
WB211,-152.99990837,-4.49997662
WB212,-134.99881249,-4.49900128
WB213,-117,-4.5
WB214,-99.02621742,-4.51289367
WB215,-85.12797916,-4.64266361
WB216,-40.95619259,-1.6272763
WB217,-26.79668392,-4.44003717
WB218,-8.99975858,-4.49984538
WB219,5.76437091,-4.8707764
WB220,47.00115736,-4.69986989
WB221,63.00098177,-4.49996896
WB222,81.00023461,-4.49996558
WB223,98.14634637,-4.75820553
WB224,117.60967214,-4.93020939
WB225,125.98969018,-2.14109989
WB226,119.80139375,-0.03599041
WB227,119.66376909,-0.00131547
WB228,143.60405522,-8.46430919
WB229,133.30444196,-4.40614536
WB230,153.78787685,-4.21997077
WB231,145.12131689,-8.44478062
WB232,146.76635732,-9.05633011
WB233,146.96615197,-9.04694075
WB234,170.99966324,-4.50026121
WB235,-171.00004019,4.49999487
WB236,-152.99872616,4.50061007
WB237,-135,4.5
WB238,-117,4.5
WB239,-99.00209865,4.50115535
WB240,-81.21817048,8.9771637
WB241,-84.14506461,4.46845228
WB242,-77.03547342,8.75053074
WB243,-77.87843082,9.08122817
WB244,-82.01965547,9.02639097
WB245,-56.59587601,7.69809621
WB246,-54.05915174,5.51617245
WB247,-61.085527,9.0776935
WB248,-44.14414458,4.74907641
WB249,-26.99994648,4.50008163
WB250,-10.22952719,3.45975585
WB251,4.44307937,2.78047039
WB252,50.32197624,3.64525158
WB253,63,4.5
WB254,81.03313951,4.40273059
WB255,80.8796662,9.10723317
WB256,98.65932006,4.73807594
WB257,117.14920068,5.09538397
WB258,125.39196893,9.00192973
WB259,135.12357269,4.51339407
WB260,152.99913476,4.49949807
WB261,171.00034508,4.50000143
WB262,-171.00000188,13.49999584
WB263,-153,13.5
WB264,-135,13.5
WB265,-117.00001982,13.50000816
WB266,-94.45441791,18.15183055
WB267,-99.89632455,12.91884086
WB268,-87.9005476,10.8804722
WB269,-78.90773856,14.26514187
WB270,-72.00812401,9.49658231
WB271,-72.00271581,9.57798731
WB272,-72.04378704,9.8271343
WB273,-72.00504167,12.19654
WB274,-81.84109033,9.10970753
WB275,-79.02669507,9.12463788
WB276,-62.48347661,14.00756703
WB277,-45,13.5
WB278,-27.00614879,13.49506083
WB279,-16.67050613,12.54707024
WB280,47.90909066,13.37787088
WB281,38.52349714,18.0877659
WB282,63.06939948,13.48822776
WB283,73.56197056,12.48192405
WB284,85.20057265,13.30509921
WB285,101.65968933,10.69093509
WB286,107.15241078,9.69107476
WB287,93.94489842,13.15253744
WB288,107.39120331,17.40185667
WB289,106.34489572,18.06649981
WB290,116.76031373,13.5769638
WB291,135.00570013,13.50398856
WB292,126.00494017,9.86226227
WB293,152.99400953,13.51829727
WB294,171.00002713,13.5000163
WB295,-171.00000033,22.49999293
WB296,-152.96963146,22.52040048
WB297,-135,22.5
WB298,-117.2830039,22.42482375
WB299,-106.55516981,20.57445806
WB300,-93.77040812,23.05403053
WB301,-107.99503964,24.95084073
WB302,-107.9998337,24.86256019
WB303,-107.98842591,24.78640804
WB304,-80.83782118,22.85298324
WB305,-72.83819915,18.12521215
WB306,-62.76257439,22.6773285
WB307,-68.63835213,18.1276468
WB308,-71.90831789,18.08190025
WB309,-45,22.5
WB310,-27,22.5
WB311,-14.92881552,23.94630144
WB312,35.28020877,25.58835691
WB313,38.17890682,21.44085061
WB314,52.23279279,25.75540656
WB315,63.59656601,21.63852314
WB316,71.99751102,21.8244782
WB317,87.79840654,19.65431942
WB318,72.42323692,19.88186668
WB319,73.03091968,18.05380843
WB320,91.63219246,19.8694607
WB321,107.04996973,19.46167691
WB322,90.00336725,22.48554476
WB323,90.02845646,22.08642633
WB324,107.99707385,21.54792712
WB325,119.10404494,21.62088611
WB326,120.19784629,27.23651224
WB327,135.00540471,22.4965506
WB328,153.01068491,22.5189205
WB329,171.00000906,22.50000668
WB330,-170.99998385,31.50000803
WB331,-153,31.5
WB332,-135,31.5
WB333,-121.26377917,30.98723281
WB334,-112.9377544,29.36090624
WB335,-110.00362092,27.11589415
WB336,-93.23851602,28.25365085
WB337,-97.61816977,27.3400076
WB338,-90.18743952,30.19693366
WB339,-76.03515419,31.13766713
WB340,-86.52812626,28.62152192
WB341,-62.99993505,31.49997016
WB342,-45,31.5
WB343,-27.00071755,31.50030295
WB344,-12.71243672,32.32864813
WB345,14.7047315,34.11661128
WB346,0.03961267,35.94157988
WB347,34.23946222,27.99348251
WB348,26.83639444,33.82743978
WB349,30.46955165,36.28791445
WB350,49.98222552,28.51030074
WB351,56.34225478,27.15554471
WB352,123.38296936,31.89800816
WB353,120.25469736,27.27954211
WB354,120.34601682,27.24871247
WB355,135.25187276,31.14969987
WB356,153,31.5
WB357,171,31.5
WB358,-171,40.5
WB359,-153,40.5
WB360,-135,40.5
WB361,-124.67538442,39.81651708
WB362,-73.78078649,38.21953676
WB363,-76.6995301,36.29099294
WB364,-76.15338878,36.27369689
WB365,-75.95094854,36.26981868
WB366,-75.90824061,36.4569428
WB367,-74.51152012,45.09051142
WB368,-62.55969116,40.32818618
WB369,-45,40.5
WB370,-26.99944264,40.50354698
WB371,-12.27506363,40.95534981
WB372,-1.62496029,36.81620485
WB373,-0.56838354,45.00208804
WB374,-0.1241962,39.39229553
WB375,8.41736695,39.52647622
WB376,15.31284276,43.12801721
WB377,26.73202166,40.59804244
WB378,18.00376372,40.09349021
WB379,18.00915336,40.02254233
WB380,30.23018548,36.30006236
WB381,31.26738984,36.50446569
WB382,33.63429272,36.16937048
WB383,35.02406595,36.38078668
WB384,38.3961048,42.69504707
WB385,36.08858688,36.72006719
WB386,122.30704566,38.22037349
WB387,126.30694298,36.93923751
WB388,143.42326511,44.69518859
WB389,136.31650122,40.20955466
WB390,153.06864691,40.47535964
WB391,171,40.5
WB392,-170.98002385,49.52808391
WB393,-153,49.5
WB394,-135.52177589,49.3346685
WB395,-124.74937892,47.3600617
WB396,-125.69289359,50.83242939
WB397,-125.97469131,50.62905252
WB398,-125.95160261,49.36237981
WB399,-80.33262678,52.98135253
WB400,-73.40518552,45.78148664
WB401,-59.53971073,48.59222278
WB402,-66.08129579,45.3743577
WB403,-64.8985405,45.55274372
WB404,-64.85907345,45.34476576
WB405,-64.12118258,45.37254451
WB406,-59.45001313,53.77774317
WB407,-54.08836959,48.40521404
WB408,-54.00899746,48.74407448
WB409,-54.00443168,48.7763681
WB410,-54.10449712,48.8049111
WB411,-54.01465889,49.44207265
WB412,-44.90702475,49.51914607
WB413,-53.95050107,47.4939826
WB414,-27,49.5
WB415,-10.37137323,49.25694483
WB416,-9.00361837,54.2944007
WB417,-0.26342575,53.66295591
WB418,-0.07814272,53.92000412
WB419,11.43624328,54.15933864
WB420,13.08318155,45.48329717
WB421,3.27561959,52.76543125
WB422,13.15597798,54.2644442
WB423,12.40456755,54.26954057
WB424,10.7347347,54.31898424
WB425,10.15346353,54.32886895
WB426,12.16261579,45.31298523
WB427,14.41347587,45.27534998
WB428,14.29293234,54.03998797
WB429,13.36161394,54.25476301
WB430,31.55965353,45.83719956
WB431,35.99878594,45.00114063
WB432,33.38519916,45.18164468
WB433,35.60839244,45.06619077
WB434,35.52169052,45.94634601
WB435,36.07215101,45.02141973
WB436,37.23769659,46.22530383
WB437,141.2759902,48.12505798
WB438,139.23923153,54.23619439
WB439,138.06093491,53.94099437
WB440,137.58437195,54.30384245
WB441,136.97356526,54.05999865
WB442,143.62041689,52.47837434
WB443,152.79299668,49.40755909
WB444,170.99249864,49.49519783
WB445,-171.56825411,58.45667379
WB446,-163.27837372,63.06145222
WB447,-163.68410094,63.04828767
WB448,-162.0169373,59.2704325
WB449,-162.01581144,55.20838438
WB450,-160.07857975,57.5925936
WB451,-150.87657211,56.70522314
WB452,-161.95807859,60.68066099
WB453,-161.91277289,59.54467996
WB454,-161.86461038,58.91328062
WB455,-138.90952615,56.55419479
WB456,-129.80792318,54.23129206
WB457,-129.52877237,54.23243693
WB458,-91.94326307,60.03401468
WB459,-83.02960841,59.30066752
WB460,-72.12457704,61.60854131
WB461,-60.62257695,59.61018054
WB462,-44.90692231,58.15744656
WB463,-27,58.5
WB464,-9.59022738,58.88850537
WB465,-3.22152304,54.22701163
WB466,-3.03072914,54.20555217
WB467,-2.84575906,54.20451917
WB468,6.25612085,57.75463703
WB469,10.26362159,63.27551324
WB470,17.64068862,61.48733349
WB471,17.94919002,62.65819688
WB472,17.88994447,62.87492016
WB473,13.3148178,54.2686077
WB474,21.07101669,59.00947304
WB475,21.93916188,63.17858675
WB476,140.97132221,56.19915472
WB477,151.76879506,57.49718881
WB478,161.20170762,54.29032569
WB479,161.89934676,55.43314376
WB480,161.99760574,58.07871758
WB481,171.98115851,57.60804061
WB482,163.24098754,61.57407279
WB483,-170.9767909,67.88866387
WB484,-162.04735765,70.17223961
WB485,-152.23184885,71.24315141
WB486,-161.16094609,66.61289803
WB487,-161.65032651,66.27045285
WB488,-161.45897939,64.13747314
WB489,-135.19179842,70.77674063
WB490,-118.50977712,69.96996541
WB491,-108.20729726,67.00096229
WB492,-108.13791182,71.87131207
WB493,-91.0732666,63.49783056
WB494,-107.70119388,67.09665121
WB495,-98.25470432,70.05933986
WB496,-90.0875159,63.93935056
WB497,-90.04496639,64.12938663
WB498,-90.76787629,65.89497813
WB499,-90.00129855,65.94686792
WB500,-107.99641573,68.16918869
WB501,-106.94906205,68.2771137
WB502,-107.7218093,71.84870694
WB503,-73.34153732,71.74081367
WB504,-80.74195904,66.59321071
WB505,-89.99405571,68.42690208
WB506,-89.99622415,68.39746869
WB507,-72.00276454,63.75620908
WB508,-72.23842128,70.86254288
WB509,-75.67906535,71.98607982
WB510,-77.11601114,72.15754091
WB511,-77.62719621,72.14399555
WB512,-78.41627333,72.18487618
WB513,-78.60532503,71.99717934
WB514,-79.46056674,72.19842741
WB515,-79.86908151,72.16895486
WB516,-80.25546116,72.2054148
WB517,-80.67124112,72.09231935
WB518,-84.40005926,72.07853975
WB519,-85.50799667,71.60521561
WB520,-89.99884358,71.99209696
WB521,-89.93386214,71.75047396
WB522,-89.99592484,71.61833627
WB523,-89.98394281,71.54011754
WB524,-89.99313751,71.48510727
WB525,-68.02870096,63.44736573
WB526,-60.73441409,67.96844568
WB527,-71.7260403,63.58105064
WB528,-71.79237829,63.16901885
WB529,-71.00956408,63.09920246
WB530,-66.82561898,63.25229384
WB531,-66.6810929,63.2968157
WB532,-65.12104131,63.27787432
WB533,-65.02287478,63.29395744
WB534,-64.95468812,63.4791047
WB535,-54.03601838,71.66384447
WB536,-52.54556669,71.07803133
WB537,-52.5923565,66.34216244
WB538,-38.25493622,64.39398118
WB539,-41.33288239,63.25793438
WB540,-41.21546076,63.25384619
WB541,-53.75503742,69.49976777
WB542,-50.46316278,63.20706956
WB543,-26.06622445,66.6548965
WB544,-25.44847497,72.16449805
WB545,-8.61272262,67.62613067
WB546,7.57774156,68.08248369
WB547,17.98231712,69.43788258
WB548,17.96183365,69.2764721
WB549,34.94892715,65.72195682
WB550,22.50570918,64.51088209
WB551,27.53297508,70.96216938
WB552,18.34886708,63.02867814
WB553,18.41691924,63.04123153
WB554,18.04706862,69.19318362
WB555,53.75650562,68.44967123
WB556,44.06833428,69.4030684
WB557,53.82257856,68.90253638
WB558,52.07448876,72.07759339
WB559,53.96266451,71.11669303
WB560,70.87707723,66.58221571
WB561,61.0213734,70.43486983
WB562,71.99813179,67.10298324
WB563,71.96696138,67.13161869
WB564,71.92177535,71.47446957
WB565,54.05316405,71.20690763
WB566,54.10430229,71.1217309
WB567,82.46514782,71.39189364
WB568,76.67475436,71.6068985
WB569,73.87871639,69.0914372
WB570,133.82761396,71.72057967
WB571,156.97808461,71.29606459
WB572,145.6954289,71.86820351
WB573,170.91557068,70.78048543
WB574,178.90583958,64.15421349
WB575,-171,76.5
WB576,-153,76.5
WB577,-135,76.5
WB578,-117.15204528,77.34050236
WB579,-108.01513407,75.81033472
WB580,-108.00626274,74.95038725
WB581,-100.04794488,76.79504178
WB582,-90.03706145,78.5544659
WB583,-90.61429597,80.82796107
WB584,-100.89714798,72.20299427
WB585,-100.7910044,72.2035329
WB586,-107.94623006,73.20783411
WB587,-107.98541254,72.64425059
WB588,-107.87490065,72.2380401
WB589,-94.83972653,72.16449203
WB590,-90.57058825,76.06954629
WB591,-79.53905986,75.91806063
WB592,-75.50619605,72.13687093
WB593,-89.99884358,72.01825147
WB594,-85.86427254,81.07692072
WB595,-72.1687825,80.07441732
WB596,-72.18218639,80.19060321
WB597,-64.65567174,74.17744737
WB598,-68.45331744,79.77393222
WB599,-61.59478245,81.09178512
WB600,-63.15858672,80.93868664
WB601,-54.54243963,72.10873494
WB602,-53.7128108,72.18213372
WB603,-20.07691094,75.25990875
WB604,-19.34242369,80.57001831
WB605,-22.87824268,80.89496137
WB606,-18.07998695,75.2266588
WB607,-8.89482046,76.4655322
WB608,8.44452973,76.31182418
WB609,17.86564238,79.5257018
WB610,27.41732847,76.27777265
WB611,44.85026995,76.52037996
WB612,63.33797349,76.75089882
WB613,71.92477475,72.81458501
WB614,80.32178182,77.0827537
WB615,98.4745485,78.54103065
WB616,106.97209254,73.26096464
WB617,90.02277674,75.53146608
WB618,117.75397018,77.40323719
WB619,134.74006084,76.84314241
WB620,139.81539378,72.19038954
WB621,128.24958264,72.24918428
WB622,153.17165846,76.60734802
WB623,145.79184973,72.14818841
WB624,146.16293397,72.12656766
WB625,171,76.5
WB626,-171,85.5
WB627,-153,85.5
WB628,-135,85.5
WB629,-117,85.5
WB630,-99.05282102,85.54584241
WB631,-81.25669081,86.27367876
WB632,-89.82824516,81.61162424
WB633,-89.13665622,81.42443249
WB634,-86.62993337,81.13629439
WB635,-83.19962925,81.13267972
WB636,-78.06054171,81.26517177
WB637,-62.78392231,86.13078665
WB638,-45.32848797,86.32316705
WB639,-26.509434,86.31581789
WB640,-8.84615081,85.62318086
WB641,9,85.5
WB642,27,85.5
WB643,44.99131674,85.51849163
WB644,63.03177152,85.56325912
WB645,80.99968438,85.50015306
WB646,99.0206274,85.53746023
WB647,117,85.5
WB648,135,85.5
WB649,153,85.5
WB650,171,85.5
WB651,50.79799967,41.75856535
DT1,28.41426352,9.76783498
DT2,79.12008662,35.04008337
DT3,79.29772041,32.85785438
DT4,94.3513339,28.11923236
