humanitarian_needs,displaced_persons,climate_disasters,conflict,iso3,year
1763894630,3202137,12,0,AFG,2002
270590000,2346616,8,1,AFG,2003
72841021,2590992,2,1,AFG,2004
76391754,2251779,10,1,AFG,2006
485640982,3086963,4,1,AFG,2008
603981153,3214649,3,1,AFG,2009
870561261,3443707,2,1,AFG,2010
678632984,3151169,4,1,AFG,2011
437140634,3134734,7,1,AFG,2012
471463529,3263053,4,1,AFG,2013
406429895,3487075,1.70065546035767,0.991012513637543,AFG,2014
405400000,4099462,1.94089269638062,0.979110419750214,AFG,2015
490933024,4668070,2.80700135231018,0.470199435949326,AFG,2016
409413812,4795330,2.92346930503845,0.730674922466278,AFG,2017
598923998,5098267,1.7082827091217,0.641635954380035,AFG,2018
611759986,5531993,1.48873221874237,0.964528679847717,AFG,2019
3242600000,5719935,2.07278513908386,0.915587663650513,AFG,2020
1887896620,6433473,1.55991840362549,0.719794273376465,AFG,2021
4442200000,9210170,1.6309620141983,0.721170961856842,AFG,2022
5065615539,9213268,1.86430811882019,0.721170961856842,AFG-TKM,2022
258515854,696753,5,1,AGO,2000
225846859,682464,5,1,AGO,2001
232768666,638415,1,1,AGO,2002
386846451,341284,2,0,AGO,2003
262587702,238382,5,1,AGO,2004
3556000,224147,1,0,AGO,2005
3148709377,20598,1.57383441925049,0.0854755342006683,AGO,2020
534319123,24095,1.32672989368439,0.458203703165054,AGO,2021
595687989,28274,1.34800231456757,0.433211833238602,AGO,2022
737611378,1031,0.425217509269714,0.00139443215448409,ARG,2019
2.01e+09,1288,0.707466244697571,0.000223757466301322,ARG,2020
1786198773,2449,0.797750949859619,0.00110910623334348,ARG,2022
1475222756,14464,13.3288067579269,0.00139443215448409,ARG-BRA,2019
4.02e+09,19693,14.1885291337967,0.00181900872848928,ARG-BRA,2020
3572397546,54376,9.70525503158569,0.00161450111772865,ARG-BRA,2022
1475222756,1747,2.12461793422699,0.00139443215448409,ARG-PRY,2019
4.02e+09,2275,2.79972684383392,0.000223757466301322,ARG-PRY,2020
3572397546,3815,1.42130851745605,0.00136687920894474,ARG-PRY,2022
1475222756,1357,0.773517608642578,0.00139443215448409,ARG-URY,2019
4.02e+09,1738,2.47155582904816,0.000404216116294265,ARG-URY,2020
3572397546,3095,0.975102663040161,0.00110910623334348,ARG-URY,2022
70642513,627696,4,1,BDI,2000
101961638,577901,0,1,BDI,2001
107865224,681988,5,1,BDI,2002
69702266,541643,2,1,BDI,2003
71545567,494460,3,1,BDI,2004
134171865,458455,2,1,BDI,2005
129407889,415902,7,1,BDI,2006
215798767,382760,2,0,BDI,2007
62300000,573682,1.5776948928833,0.00112993048969656,BDI,2016
73700000,557011,2.02481460571289,0.0020390918944031,BDI,2017
141814441,473119,0.598838686943054,0.000368755718227476,BDI,2018
106286557,467322,2.42909812927246,0.00192896695807576,BDI,2019
2623500000,445041,0.645518183708191,0.000301983702229336,BDI,2020
729003123,394982,1.17108130455017,0.019019927829504,BDI,2021
182414025,385430,1.31711316108704,0.0151696875691414,BDI,2022
299949412,471948,4,0,BDI-RWA,2007
6047580058,707470,0.767958045005798,0.00291141401976347,BDI-RWA,2020
1453990925,666724,1.39009177684784,0.0752730742096901,BDI-RWA,2021
778102014,653001,1.54986810684204,0.0549663230776787,BDI-RWA,2022
5951780,674,1,0,BEN,2005
309081675,420,1,0,BEN,2007
312646547,494,4,0,BEN,2008
361040474,608,3,0,BEN,2009
368622476,663,4,0,BEN,2010
517230000,1956,1.2424418926239,0.106342196464539,BEN,2020
624130350,1231,3,0,BEN-BFA,2007
625293094,1523,8,0,BEN-BFA,2008
740530040,1968,6,0,BEN-BFA,2009
751408265,2303,6,0,BEN-BFA,2010
3338858086,1097753,3.24534916877747,0.106342196464539,BEN-BFA,2020
22142780,1897,3,0,BEN-NER,2005
618163350,1498,2,1,BEN-NER,2007
625293094,1547,7,1,BEN-NER,2008
722080948,1703,6,0,BEN-NER,2009
737244952,1776,8,0,BEN-NER,2010
3427215185,323372,2.66847240924835,0.106342196464539,BEN-NER,2020
618163350,24202,2,0,BEN-TGO,2007
625293094,18347,6,0,BEN-TGO,2008
722080948,19930,4,0,BEN-TGO,2009
737244952,19994,7,0,BEN-TGO,2010
1036612534,12990,2.2955904006958,0.999012231826782,BEN-TGO,2020
145603737,566,3,0,BFA,2006
315048675,811,2,0,BFA,2007
312646547,1029,4,0,BFA,2008
379489566,1360,3,0,BFA,2009
382785789,1640,2,0,BFA,2010
126062151,1962,1,0,BFA,2012
135540819,2515,1,0,BFA,2013
159041792,3419,1.14489448070526,0.0103196017444134,BFA,2014
109098169,4838,1.95139646530151,0.00385688757523894,BFA,2015
95424923,6547,2.07640981674194,0.00872336700558662,BFA,2016
61089000,10601,1.81668853759766,0.0099330423399806,BFA,2017
90291110,63426,2.51494479179382,0.00488458527252078,BFA,2018
100310030,576762,2.16962313652039,0.0130898552015424,BFA,2019
2821628086,1095797,2.00290727615356,0.05374601110816,BFA,2020
607875894,1605770,2.58506441116333,0.0056736427359283,BFA,2021
636540442,7489,3,0,BFA-GHA,2007
625293094,16250,5,0,BFA-GHA,2008
740530040,17555,5,0,BFA-GHA,2009
751408265,23811,5,0,BFA-GHA,2010
291207474,34472,4,0,BFA-TGO,2006
624130350,24593,3,0,BFA-TGO,2007
625293094,18882,6,0,BFA-TGO,2008
740530040,20682,4,0,BFA-TGO,2009
751408265,20971,5,0,BFA-TGO,2010
3341010620,1106831,3.05605578422546,0.999012231826782,BFA-TGO,2020
210077952,15072,9,0,BGD,2004
77099347,84898,1.93354439735413,0.000179541326360777,BGD,2017
950834205,79865,0.702815294265747,0.00568317994475365,BGD,2018
920461273,85626,2.12373304367065,0.0604823902249336,BGD,2019
3686661222,83584,2.84960961341858,0.0406628251075745,BGD,2020
943123350,88167,1.93843030929565,0.0320576243102551,BGD,2021
881030780,85225,2.05244112014771,0.029054144397378,BGD,2022
1809217,660,1,0,BOL,2004
9215000,844,4,0,BOL,2007
18215196,608,4,0,BOL,2008
2.01e+09,1905,2.28326296806335,0.00612093880772591,BOL,2020
1786198773,2900,1.81895864009857,0.132032319903374,BOL,2022
4.02e+09,3193,2.99072921276093,0.00612093880772591,BOL-ARG,2020
3572397546,5349,2.61670958995819,0.132032319903374,BOL-ARG,2022
4.02e+09,20310,15.7643258571625,0.00612093880772591,BOL-BRA,2020
3572397546,54827,10.7264627218246,0.132032319903374,BOL-BRA,2022
46177939,11638,6,1,BOL-PER,2007
4.02e+09,15322,3.96893417835236,0.0349167175590992,BOL-PER,2020
3572397546,31143,3.51320731639862,0.155617386102676,BOL-PER,2022
4.02e+09,2892,4.37552356719971,0.00612093880772591,BOL-PRY,2020
3572397546,4266,2.44251620769501,0.132032319903374,BOL-PRY,2022
737611378,13433,12.9035892486572,0.000614839838817716,BRA,2019
2.01e+09,18405,13.4810628890991,0.00181900872848928,BRA,2020
1786198773,51927,8.90750408172607,0.00161450111772865,BRA,2022
1475222756,8254647,17.8813548088074,0.00437865126878023,BRA-COL,2019
4928438395,8531976,18.5416221618652,0.00526927830651403,BRA-COL,2020
3855251594,7139764,14.251603603363,0.00411319453269243,BRA-COL,2022
1475222756,14149,14.6029896736145,0.000614839838817716,BRA-PRY,2019
4.02e+09,19392,15.5733234882355,0.00181900872848928,BRA-PRY,2020
3572397546,53293,9.53106164932251,0.00161450111772865,BRA-PRY,2022
1475222756,13759,13.2518893480301,0.00093190761981532,BRA-URY,2019
4.02e+09,18855,15.2451524734497,0.00181900872848928,BRA-URY,2020
3572397546,52573,9.08485579490662,0.00161450111772865,BRA-URY,2022
960335765,901163,14.5926325321198,0.0178571660071611,BRA-VEN,2019
5494377198,1040782,16.1507742404938,0.00464732153341174,BRA-VEN,2020
2581186521,1423465,10.6067301034927,0.0144853312522173,BRA-VEN,2022
9100864,36226,2,0,CAF,2003
16818752,32342,1,0,CAF,2004
23610439,44714,1,0,CAF,2005
46884386,220777,0,1,CAF,2006
49520687,296425,1,0,CAF,2007
87070059,323303,1,0,CAF,2008
116480737,357394,3,1,CAF,2009
113615353,358935,1,1,CAF,2010
128825182,269860,3,1,CAF,2011
134457734,218145,2,1,CAF,2012
129311203,1154734,3,1,CAF,2013
246772031,864927,1.2200071811676,0.0753308013081551,CAF,2014
612958926,698119,1.28433573246002,0.48866006731987,CAF,2015
531500000,913267,0.791198372840881,0.0287867467850447,CAF,2016
497300000,1247210,0.560845494270325,0.0156135931611061,CAF,2017
515600000,1249106,0.947871088981628,0.127316191792488,CAF,2018
430700000,1295993,0.950496315956116,0.275166839361191,CAF,2019
2910810000,1337549,1.12714505195618,0.0407545566558838,CAF,2020
444760000,1443732,1.40955054759979,0.00925035029649734,CAF,2021
461253975,1278283,1.42877292633057,0.0133756464347243,CAF,2022
344994641,880679,2.04653573036194,0.0753308013081551,CAF-CMR,2014
887318788,808698,1.59219861030579,0.48866006731987,CAF-CMR,2015
818578352,1133443,2.95307552814484,0.181199491024017,CAF-CMR,2016
806943212,1504544,0.993480324745178,0.0390370562672615,CAF-CMR,2017
820124867,1981356,1.69610977172852,0.127316191792488,CAF-CMR,2018
729582369,2334362,1.77928924560547,0.275166839361191,CAF-CMR,2019
5742691924,2471985,2.05140817165375,0.0407545566558838,CAF-CMR,2020
806314315,2524498,3.59481751918793,0.0109034962952137,CAF-CMR,2021
837300026,2436648,3.67825698852539,0.0262673646211624,CAF-CMR,2022
264210907,649131,4,1,CAF-SDN,2003
258394320,1437225,4,1,CAF-SDN,2004
1482764930,1593742,6,1,CAF-SDN,2005
1572374589,2248937,8,1,CAF-SDN,2006
1343620767,2088860,5,1,CAF-SDN,2007
1951258474,1961665,3,1,CAF-SDN,2008
2305649779,1776613,4,1,CAF-SDN,2009
1991114990,2393999,3,1,CAF-SDN,2010
1395871463,3223831,5,1,CAF-SDN,2011
1198628467,2681900,4,1,CAF-SDN,2012
1113434396,3705348,4,1,CAF-SDN,2013
1613066552,3759740,3.23327326774597,0.78302413225174,CAF-SDN,2014
1648853019,4586342,3.86404192447662,0.992171406745911,CAF-SDN,2015
1483691245,3839684,4.03638398647308,0.992231726646423,CAF-SDN,2016
1301266226,3990979,3.04671800136566,0.992609441280365,CAF-SDN,2017
1523155093,3905521,3.56242501735687,0.94428962469101,CAF-SDN,2018
1579989490,3988572,3.11777102947235,0.920675933361053,CAF-SDN,2019
6770666804,4747595,2.98088777065277,0.971222162246704,CAF-SDN,2020
2384574880,5380776,3.9496978521347,0.989172577857971,CAF-SDN,2021
2397951715,5754594,3.97840595245361,0.991991698741913,CAF-SDN,2022
46878387,87527,4,0,CAF-TCD,2004
206302279,96212,2,1,CAF-TCD,2005
213954185,373179,2,1,CAF-TCD,2006
220185132,533708,4,1,CAF-TCD,2007
374731189,548444,4,1,CAF-TCD,2008
505421087,585233,7,1,CAF-TCD,2009
564769118,546312,5,1,CAF-TCD,2010
635255031,439601,5,1,CAF-TCD,2011
591824880,351577,6,1,CAF-TCD,2012
629823861,1226987,3,1,CAF-TCD,2013
823882284,916459,3.70848035812378,0.994073569774628,CAF-TCD,2014
1194893138,768306,2.85995519161224,0.999620318412781,CAF-TCD,2015
1102958928,1054963,3.76693689823151,0.999013185501099,CAF-TCD,2016
1085908263,1366623,1.39795851707459,0.977945387363434,CAF-TCD,2017
1059369241,1429716,3.10084187984467,0.997773706912994,CAF-TCD,2018
907341195,1482769,2.00896406173706,0.988844335079193,CAF-TCD,2019
5966733185,1690285,2.27052295207977,0.991776466369629,CAF-TCD,2020
1062282407,1869648,3.5365594625473,0.999769389629364,CAF-TCD,2021
972163874,1679473,3.59100866317749,0.99985671043396,CAF-TCD,2022
737611378,1737,0.662159323692322,0.000222443937673233,CHL,2019
2.01e+09,2770,1.08166861534119,0.000488653196953237,CHL,2020
1786198773,13214,0.832517504692078,0.0145381400361657,CHL,2022
1475222756,2768,1.08737683296204,0.00139443215448409,CHL-ARG,2019
4.02e+09,4058,1.78913486003876,0.000488653196953237,CHL-ARG,2020
3572397546,15663,1.6302684545517,0.0145381400361657,CHL-ARG,2022
4.02e+09,4675,3.36493158340454,0.00612093880772591,CHL-BOL,2020
3572397546,16114,2.65147614479065,0.132032319903374,CHL-BOL,2022
1475222756,13171,2.00407230854034,0.158683657646179,CHL-PER,2019
4.02e+09,16187,2.76733982563019,0.0349167175590992,CHL-PER,2020
3572397546,41457,2.52676618099213,0.155617386102676,CHL-PER,2022
105874184,74958,0,1,CIV,2003
34245916,62720,1,0,CIV,2005
40534324,741909,2,0,CIV,2006
365462128,738686,2,0,CIV,2007
46642196,712633,2,0,CIV,2008
398120469,547550,0,0,CIV,2009
368622476,562276,2,0,CIV,2010
251923226,299683,0,1,CIV,2011
173089333,156901,0,0,CIV,2012
186138061,742475,5,0,CIV-BFA,2006
680510803,739497,4,0,CIV-BFA,2007
359288743,713662,6,0,CIV-BFA,2008
777610035,548910,3,0,CIV-BFA,2009
751408265,563916,4,0,CIV-BFA,2010
299151484,158863,1,0,CIV-BFA,2012
686953895,745364,3,0,CIV-GHA,2007
359288743,727854,3,0,CIV-GHA,2008
759160943,563745,2,0,CIV-GHA,2009
737244952,584447,5,0,CIV-GHA,2010
186138061,742906,5,0,CIV-MLI,2006
674543803,743800,4,1,CIV-MLI,2007
359288743,715122,3,1,CIV-MLI,2008
759160943,551236,2,1,CIV-MLI,2009
737244952,566320,5,0,CIV-MLI,2010
386911911,536610,0,1,CIV-MLI,2012
98222610,15752,0.826528549194336,0.0193626414984465,CMR,2014
274359862,110579,0.307862877845764,0.00394028332084417,CMR,2015
287078352,220176,2.16187715530396,0.181199491024017,CMR,2016
309643212,257334,0.432634830474854,0.0390370562672615,CMR,2017
304524867,732250,0.748238682746887,0.110034264624119,CMR,2018
298882369,1038369,0.828792929649353,0.0121691729873419,CMR,2019
2831881924,1134436,0.924263119697571,0.00596013106405735,CMR,2020
361554315,1080766,2.18526697158813,0.0109034962952137,CMR,2021
376046051,1158365,2.24948406219482,0.0262673646211624,CMR,2022
71363897,394549,0,1,COD,2000
139464891,423857,0,1,COD,2001
194140365,474433,0,0,COD,2002
268645326,505407,0,0,COD,2003
187094868,513097,0,0,COD,2004
185394640,486869,0,0,COD,2005
644929808,1506416,0,1,COD,2006
686591107,1724542,0,1,COD,2007
575654173,1864370,0,1,COD,2008
831005682,2539633,0,0,COD,2009
827616628,2241155,0,0,COD,2010
719289671,2253063,0,0,COD,2011
718555610,3237014,0,1,COD,2012
892643970,3528703,0,1,COD,2013
832097250,3340689,0.560695648193359,2.54627120739315e-05,COD,2014
6.92e+08,2172628,0.44307804107666,6.51122463750653e-05,COD,2015
6.9e+08,2853083,0.552210330963135,4.10663742513862e-05,COD,2016
812614297,5108333,0.437661528587341,5.49678989045788e-05,COD,2017
1675200000,5370590,0.464471936225891,1.13997857624781e-05,COD,2018
1653700000,5962729,0.435535669326782,2.75132988463156e-05,COD,2019
2.51e+09,6183895,0.427939772605896,1.26926588563947e-05,COD,2020
1984303303,6464340,0.574481010437012,0.00127495022024959,COD,2021
1881674597,6608023,0.586464762687683,0.000239950735704042,COD,2022
329879751,1091302,5,1,COD-AGO,2000
365311750,1106321,5,1,COD-AGO,2001
426909031,1112848,1,1,COD-AGO,2002
655491777,846691,2,0,COD-AGO,2003
449682570,751479,5,1,COD-AGO,2004
188950640,711016,1,0,COD-AGO,2005
5658709377,6204493,2.00177419185638,0.0854755342006683,COD-AGO,2020
2518622426,6488435,1.9012109041214,0.458203703165054,COD-AGO,2021
2477362586,6636297,1.93446707725525,0.433211833238602,COD-AGO,2022
142006410,1022245,4,1,COD-BDI,2000
241426529,1001758,0,1,COD-BDI,2001
302005589,1156421,5,1,COD-BDI,2002
338347592,1047050,2,1,COD-BDI,2003
258640435,1007557,3,1,COD-BDI,2004
319566505,945324,2,1,COD-BDI,2005
774337697,1922318,7,1,COD-BDI,2006
902389874,2107302,2,1,COD-BDI,2007
752300000,3426765,2.12990522384644,0.00112993048969656,COD-BDI,2016
886314297,5665344,2.46247613430023,0.0020390918944031,COD-BDI,2017
1817014441,5843709,1.06331062316895,0.000368755718227476,COD-BDI,2018
1759986557,6430051,2.86463379859924,0.00192896695807576,COD-BDI,2019
5133500000,6628936,1.07345795631409,0.000301983702229336,COD-BDI,2020
2713306426,6859322,1.74556231498718,0.019019927829504,COD-BDI,2021
2064088622,6993453,1.90357792377472,0.0151696875691414,COD-BDI,2022
277746190,541633,2,0,COD-CAF,2003
203913620,545439,1,0,COD-CAF,2004
209005079,531583,1,0,COD-CAF,2005
691814194,1727193,0,1,COD-CAF,2006
736111794,2020967,1,1,COD-CAF,2007
662724232,2187673,1,1,COD-CAF,2008
947486419,2897027,3,1,COD-CAF,2009
941231981,2600090,1,1,COD-CAF,2010
848114853,2522923,3,1,COD-CAF,2011
853013344,3455159,2,1,COD-CAF,2012
1021955173,4683437,3,1,COD-CAF,2013
1078869281,4205616,1.78070282936096,0.0753308013081551,COD-CAF,2014
1304958926,2870747,1.72741377353668,0.48866006731987,COD-CAF,2015
1221500000,3766350,1.34340870380402,0.0287867467850447,COD-CAF,2016
1309914297,6355543,0.998507022857666,0.0156135931611061,COD-CAF,2017
2190800000,6619696,1.41234302520752,0.127316191792488,COD-CAF,2018
2084400000,7258722,1.3860319852829,0.275166839361191,COD-CAF,2019
5420810000,7521444,1.55508482456207,0.0407545566558838,COD-CAF,2020
2429063303,7908072,1.9840315580368,0.00925035029649734,COD-CAF,2021
2342928572,7886306,2.01523768901825,0.0133756464347243,COD-CAF,2022
770741752,1813730,2,1,COD-RWA,2007
5934080058,6446324,0.550379633903503,0.00291141401976347,COD-RWA,2020
2709291105,6736082,0.79349148273468,0.0752730742096901,COD-RWA,2021
2477362586,6875594,0.819219708442688,0.0549663230776787,COD-RWA,2022
125734456,428004,5,1,COD-UGA,2000
218175006,464933,3,1,COD-UGA,2001
262243775,516877,4,1,COD-UGA,2002
357183805,543465,3,1,COD-UGA,2003
314995923,548254,3,1,COD-UGA,2004
343080807,525374,3,1,COD-UGA,2005
867533065,3115669,6,1,COD-UGA,2006
1023992029,2984989,4,1,COD-UGA,2007
949597664,2728030,3,1,COD-UGA,2008
1056293781,2994374,2,1,COD-UGA,2009
1024901023,2374103,2,1,COD-UGA,2010
1202874414,3352614,2.11312901973724,0.00470556411892176,COD-UGA,2014
1349794079,2185365,1.11660099029541,0.0772494003176689,COD-UGA,2015
7475249472,6203079,1.03367137908936,0.0278301518410444,COD-UGA,2020
3576199273,6484051,1.68406236171722,0.00127495022024959,COD-UGA,2021
3350685712,6627366,1.74190807342529,0.000239950735704042,COD-UGA,2022
265536574,474689,0,0,COD-ZMB,2002
296136317,505762,3,0,COD-ZMB,2003
695443560,1725226,4,1,COD-ZMB,2007
5873859324,6184622,1.43973457813263,0.161454498767853,COD-ZMB,2020
2518622426,6465084,1.29904627799988,0.0209094602614641,COD-ZMB,2021
2477362586,6608789,1.40817713737488,0.0246278103441,COD-ZMB,2022
17150256,31712,1,0,COG,2000
34142464,28495,1,0,COG,2001
33935923,35011,2,1,COG,2002
29730606,35902,1,0,COG,2003
21960437,32596,2,0,COG,2005
30542581,28955,2,0,COG,2006
28081486,25798,1,0,COG,2007
58985837,23681,1,0,COG,2010
14269108,17908,0.243841886520386,0.0879018977284432,COG,2014
23700000,134191,0.145403623580933,0.0868591368198395,COG,2017
2660698501,159856,0.575679540634155,0.467535763978958,COG,2020
534319123,161478,0.918459296226501,0.049976471811533,COG,2021
595687989,49741,0.864642381668091,0.0384771823883057,COG,2022
275666110,728465,6,1,COG-AGO,2000
259989323,710959,6,1,COG-AGO,2001
266704589,673426,3,1,COG-AGO,2002
416577057,377186,3,0,COG-AGO,2003
25516437,256743,3,0,COG-AGO,2005
5809407878,180454,2.14951395988464,0.467535763978958,COG-AGO,2020
1068638246,185573,2.24518918991089,0.458203703165054,COG-AGO,2021
1191375978,78015,2.21264469623566,0.433211833238602,COG-AGO,2022
38831470,72128,3,0,COG-CAF,2003
45570876,77310,3,0,COG-CAF,2005
77426967,249732,2,1,COG-CAF,2006
77602173,322223,2,0,COG-CAF,2007
172601190,382616,2,1,COG-CAF,2010
261041139,882835,1.46384906768799,0.0879018977284432,COG-CAF,2014
5.21e+08,1381401,0.706249117851257,0.0868591368198395,COG-CAF,2017
5571508501,1497405,1.70282459259033,0.467535763978958,COG-CAF,2020
979079123,1605210,2.32800984382629,0.049976471811533,COG-CAF,2021
1056941964,1328024,2.29341530799866,0.0384771823883057,COG-CAF,2022
112491718,33660,1.07037043571472,0.0879018977284432,COG-CMR,2014
333343212,391525,0.578038454055786,0.0868591368198395,COG-CMR,2017
5492580425,1294292,1.49994266033173,0.467535763978958,COG-CMR,2020
895873438,1242244,3.10372626781464,0.049976471811533,COG-CMR,2021
971734040,1208106,3.11412644386292,0.0384771823883057,COG-CMR,2022
88514153,426261,1,1,COG-COD,2000
173607355,452352,1,1,COG-COD,2001
228076288,509444,2,1,COG-COD,2002
298375932,541309,1,0,COG-COD,2003
207355077,519465,2,0,COG-COD,2005
675472389,1535371,2,1,COG-COD,2006
714672593,1750340,1,1,COG-COD,2007
886602465,2264836,1,0,COG-COD,2010
846366358,3358597,0.804537534713745,0.0879018977284432,COG-COD,2014
836314297,5242524,0.583065152168274,0.0868591368198395,COG-COD,2017
5170698501,6343751,1.00361931324005,0.467535763978958,COG-COD,2020
2518622426,6625818,1.49294030666351,0.049976471811533,COG-COD,2021
2477362586,6657764,1.45110714435577,0.0384771823883057,COG-COD,2022
79497508,1305002,3,1,COL,2003
737611378,8241214,4.97776556015015,0.00437865126878023,COL,2019
2918438395,8513571,5.06055927276611,0.00526927830651403,COL,2020
174010305,6962499,5.35281848907471,0.00429797964170575,COL,2021
2069052821,7087837,5.34409952163696,0.00411319453269243,COL,2022
1475222756,8241499,6.09673035144806,0.00437865126878023,COL-PAN,2019
4928438395,8513956,5.6339498758316,0.00526927830651403,COL-PAN,2020
3855251594,7089013,5.62658166885376,0.00411319453269243,COL-PAN,2022
960335765,9128944,6.66680884361267,0.0178571660071611,COL-VEN,2019
6402815593,9535948,7.73027062416077,0.00526927830651403,COL-VEN,2020
882288626,8132807,7.06892347335815,0.0166582744568586,COL-VEN,2021
2864040569,8459375,7.04332554340363,0.0144853312522173,COL-VEN,2022
309081675,33,0,0,CPV,2007
737611378,945,1.66797232627869,0.0281894262880087,CRI,2019
2.01e+09,1008,1.0425181388855,0.000210874815820716,CRI,2020
1786198773,1554,1.63862586021423,0.000813478953205049,CRI,2022
1475222756,1230,2.7869371175766,0.0281894262880087,CRI-PAN,2019
4.02e+09,1393,1.61590874195099,0.000210874815820716,CRI-PAN,2020
3572397546,2730,1.92110800743103,0.000813478953205049,CRI-PAN,2022
30014321,8795,5,0,CUB,2008
30591446,8573,1,0,CUB,2013
60572174,18589,2.51211977005005,3.81185327569256e-06,CUB,2017
41817107,254523,1.46070110797882,0.000194591848412529,CUB,2022
11218318,632,0,0,DJI,2001
7494198,713,1,0,DJI,2005
117671025,585,0,0,DJI,2006
31690382,693,1,0,DJI,2008
39199338,870,0,0,DJI,2011
79071305,925,0,0,DJI,2012
71670661,1138,0,0,DJI,2013
74085087,1284,0.395132660865784,0.0128755364567041,DJI,2014
82001876,1601,0.477317810058594,0.0108438804745674,DJI,2015
74802183,2268,0.61302387714386,0.0061873197555542,DJI,2016
42977698,3047,0.409615993499756,0.0122228041291237,DJI,2017
2630717111,3302,0.2615727186203,0.0128687750548124,DJI,2020
68193940,3601,0.323973298072815,0.00890197977423668,DJI,2021
40259330,2893,0.326008081436157,0.00895459484308958,DJI,2022
168758624,336703,0,0,DJI-ERI,2001
164645377,148791,1,0,DJI-ERI,2005
235342050,199346,0,0,DJI-ERI,2006
13985200,483,5,0,DOM,2007
737611378,4584,2.00696444511414,0.00547110615298152,DOM,2019
2.01e+09,4794,1.8847314119339,0.0156491063535213,DOM,2020
1786198773,7720,1.88856029510498,0.00572302704676986,DOM,2022
72750000,14723,0.234015583992004,0.00717891380190849,ECU,2016
737611378,20984,-0.0477416515350342,0.0204807780683041,ECU,2019
2556425000,23779,-0.0777323246002197,0.00126642151735723,ECU,2020
1786198773,43558,-0.0296156406402588,0.000567389244679362,ECU,2022
1475222756,8262198,4.93002390861511,0.0204807780683041,ECU-COL,2019
5474863395,8537350,4.98282694816589,0.00526927830651403,ECU-COL,2020
3855251594,7131395,5.3144838809967,0.00411319453269243,ECU-COL,2022
160454391,10535,0,0,EGY,2011
1044112554,22282,0,0,EGY,2013
4264717711,26715,0.00174546241760254,0.0429310165345669,EGY,2014
4533248258,30071,0.0807403326034546,0.0208270084112883,EGY,2015
4552032036,32818,0.0850346088409424,0.0400526560842991,EGY,2016
5575937077,36694,-0.0278559923171997,0.0205252803862095,EGY,2017
5608951510,41610,0.060694694519043,0.0333170518279076,EGY,2018
5509595294,44043,0.121421575546265,0.0758288204669952,EGY,2019
2.51e+09,42866,0.28053605556488,0.0145132895559073,EGY,2020
5852037239,48514,-0.00893008708953857,0.0321892276406288,EGY,2021
6080899576,52161,-0.00457155704498291,0.0345414876937866,EGY,2022
157540306,336071,0,0,ERI,2001
120463547,343993,0,0,ERI,2002
163389457,126939,1,1,ERI,2003
147239028,133919,1,0,ERI,2004
157151179,148078,0,0,ERI,2005
117671025,198761,0,0,ERI,2006
203338166,71285,5,1,ETH,2001
380520584,90677,9,1,ETH,2006
370777164,148225,3.77439832687378,0.330119550228119,ETH,2014
657794079,162519,4.50298023223877,0.723214745521545,ETH,2015
1417400000,1299536,4.21110725402832,0.696161568164825,ETH,2017
1177218620,2841286,2.94652009010315,0.67486184835434,ETH,2018
1025442203,1962362,5.52293586730957,0.200485780835152,ETH,2019
4928677370,3010126,3.56671619415283,0.338565796613693,ETH,2020
3380081289,3934608,4.25145196914673,0.764203310012817,ETH,2021
4248584667,3000607,4.29972839355469,0.815454959869385,ETH,2022
214556484,71917,5,1,ETH-DJI,2001
498191609,91262,9,1,ETH-DJI,2006
444862251,149509,4.16953098773956,0.330119550228119,ETH-DJI,2014
739795955,164120,4.98029804229736,0.723214745521545,ETH-DJI,2015
1460377698,1302583,4.62072324752808,0.696161568164825,ETH-DJI,2017
7559394481,3013428,3.82828891277313,0.338565796613693,ETH-DJI,2020
3448275229,3938209,4.57542526721954,0.764203310012817,ETH-DJI,2021
4288843997,3003500,4.62573647499085,0.815454959869385,ETH-DJI,2022
360878472,407356,5,1,ETH-ERI,2001
498191609,289438,9,1,ETH-ERI,2006
325988312,74549,10,1,ETH-KEN,2001
540181604,97108,16,1,ETH-KEN,2006
741554328,159696,6.09927201271057,0.330119550228119,ETH-KEN,2014
1315588158,173679,7.07392978668213,0.723214745521545,ETH-KEN,2015
1583167183,1312817,9.06052350997925,0.696161568164825,ETH-KEN,2017
9034560341,3026507,6.41565084457398,0.338565796613693,ETH-KEN,2020
4246989457,3951864,7.58554220199585,0.764203310012817,ETH-KEN,2021
5372369378,3018421,7.62201738357544,0.815454959869385,ETH-KEN,2022
397492282,581040,6,1,ETH-SDN,2001
1906010787,2118837,17,1,ETH-SDN,2006
1737071685,3043038,5.78766441345215,0.78302413225174,ETH-SDN,2014
1693688172,4050742,7.08268642425537,0.992171406745911,ETH-SDN,2015
2221366226,4043305,6.69697976112366,0.992609441280365,ETH-SDN,2017
2184773713,5497701,5.56107401847839,0.94428962469101,ETH-SDN,2018
2174731693,4654941,7.69021058082581,0.920675933361053,ETH-SDN,2019
8788534174,6420172,5.42045891284943,0.971222162246704,ETH-SDN,2020
5319896169,7871652,6.79159927368164,0.989172577857971,ETH-SDN,2021
6185282407,7476918,6.84936141967773,0.991991698741913,ETH-SDN,2022
332894085,527600,7,1,ETH-SOM,2001
583253874,976713,19,1,ETH-SOM,2006
1303847467,2436718,5.69268381595612,0.823389887809753,ETH-SOM,2014
1520373707,2475327,6.26747858524323,0.934587299823761,ETH-SOM,2015
2283065164,4460947,5.96962738037109,0.899543642997742,ETH-SOM,2017
2719733190,6494776,4.13107299804688,0.767948031425476,ETH-SOM,2018
2102895306,5565041,7.1918249130249,0.796896874904633,ETH-SOM,2019
8560177045,6843806,6.33894228935242,0.77905398607254,ETH-SOM,2020
4540397101,7738391,6.06022953987122,0.764203310012817,ETH-SOM,2021
4288843997,6815513,6.21309077739716,0.815454959869385,ETH-SOM,2022
38630049,1301,1.79384684562683,0.000758517533540726,FJI,2016
59541719,347556,0,1,GEO,2008
321491767,6678,1,0,GHA,2007
312646547,15221,1,0,GHA,2008
361040474,16195,2,0,GHA,2009
368622476,22171,3,0,GHA,2010
58470746,7221,1,0,GIN,2002
54129667,7029,1,0,GIN,2003
38448575,7256,2,0,GIN,2004
43743004,9084,1,0,GIN,2005
32874581,9488,3,0,GIN,2006
309081675,10193,2,0,GIN,2007
312646547,11493,1,0,GIN,2008
361040474,13731,1,0,GIN,2009
368622476,14747,2,0,GIN,2010
987844154,33060,1.46198034286499,1.55553589138435e-05,GIN,2014
160003851,81987,1,1,GIN-CIV,2003
77988920,71804,2,0,GIN-CIV,2005
73408905,751397,5,0,GIN-CIV,2006
674543803,748879,4,0,GIN-CIV,2007
359288743,724126,3,0,GIN-CIV,2008
759160943,561281,1,0,GIN-CIV,2009
737244952,577023,4,0,GIN-CIV,2010
182118318,10773,4,0,GIN-GNB,2006
618163350,11458,2,0,GIN-GNB,2007
625293094,12802,3,0,GIN-GNB,2008
722080948,15148,1,0,GIN-GNB,2009
737244952,16202,3,0,GIN-GNB,2010
75703321,597309,2,1,GIN-LBR,2002
96869674,898171,3,1,GIN-LBR,2003
175540057,848875,2,0,GIN-LBR,2004
153866238,175031,3,0,GIN-LBR,2006
734954663,105253,4,0,GIN-LBR,2007
669101916,89095,2,0,GIN-LBR,2008
722080948,87527,3,0,GIN-LBR,2009
737244952,86789,3,0,GIN-LBR,2010
1975688308,48940,1.64429187774658,0.000272532663075253,GIN-LBR,2014
178478318,10485,6,0,GIN-MLI,2006
618163350,15307,4,1,GIN-MLI,2007
625293094,13982,2,1,GIN-MLI,2008
722080948,17417,3,1,GIN-MLI,2009
737244952,18791,5,0,GIN-MLI,2010
1606020250,284355,3.28088688850403,0.981553554534912,GIN-MLI,2014
178478318,25867,3,0,GIN-SEN,2006
618163350,26967,4,0,GIN-SEN,2007
625293094,28305,2,0,GIN-SEN,2008
722080948,30653,2,0,GIN-SEN,2009
737244952,32524,4,0,GIN-SEN,2010
1159702802,64887,3.51918005943298,0.278352558612824,GIN-SEN,2014
312646547,2464,2,0,GMB,2008
75743537,15598,0.49756669998169,8.60675754665863e-06,GMB,2014
34024377,21293,0.575725436210632,1.48029348565615e-05,GMB,2015
16354114,30477,0.544645071029663,1.30591561173787e-05,GMB,2016
149243737,1285,1,0,GNB,2006
309081675,1265,0,0,GNB,2007
312646547,1309,2,0,GNB,2008
361040474,1417,0,0,GNB,2009
368622476,1455,1,0,GNB,2010
669867114,177,1.6225084066391,0.199412524700165,GRC,2016
24670000,35224,2,0,GTM,2005
49726095,6698,4,0,GTM,2010
23806581,37235,1.21034073829651,0.0143197029829025,GTM,2015
56690000,58771,2.89452981948853,0.0110286427661777,GTM,2016
56291832,187355,2.18786120414734,0.00251120747998357,GTM,2021
153531304,197179,2.19267964363098,0.00172024581115693,GTM,2022
37006581,237538,2.84556448459625,0.0143197029829025,GTM-HND,2015
100840000,278478,6.00713205337524,0.0110286427661777,GTM-HND,2016
346926516,656126,5.45108294487,0.00251120747998357,GTM-HND,2021
308827667,704829,5.47651839256287,0.00172024581115693,GTM-HND,2022
1939730077,603660,6.64950633049011,0.758685767650604,GTM-MEX,2022
2975000,790,1,0,GUY,2005
737611378,960,0.0902886390686035,0.0101512232795358,GUY,2019
2.01e+09,975,0.914947032928467,0.0338820554316044,GUY,2020
1786198773,1177,-0.103976249694824,0.0053456942550838,GUY,2022
1475222756,14393,12.9938778877258,0.0101512232795358,GUY-BRA,2019
4.02e+09,19380,14.3960099220276,0.0338820554316044,GUY-BRA,2020
3572397546,53104,8.80352783203125,0.0053456942550838,GUY-BRA,2022
960335765,888690,1.77933192253113,0.0178571660071611,GUY-VEN,2019
5494377198,1023352,3.58465838432312,0.0338820554316044,GUY-VEN,2020
2581186521,1372715,1.59524977207184,0.0144853312522173,GUY-VEN,2022
17086986,2057,2,0,HND,2008
13200000,200303,1.63522374629974,9.53748021856882e-05,HND,2015
44150000,219707,3.11260223388672,0.0001058264169842,HND,2016
290634684,468771,3.26322174072266,3.09401161757705e-06,HND,2021
155296363,507650,3.28383874893189,3.41730560649012e-06,HND,2022
669867114,26574,1.89616107940674,3.18216661980841e-05,HRV,2016
1339734228,26606,2.71823263168335,0.00551205454394221,HRV-SVN,2016
14400757,25902,6,0,HTI,2003
67058378,25475,3,1,HTI,2004
107714621,35727,4,0,HTI,2008
562060654,33076,6,0,HTI,2010
910489407,41115,4,0,HTI,2011
230544822,41187,7,0,HTI,2012
144267000,43800,1,0,HTI,2013
168974256,43868,1.89474213123322,0.0208888556808233,HTI,2014
25520762,44025,0.654457092285156,0.0143365580588579,HTI,2015
313636861,52125,0.989129781723022,5.42778761882801e-05,HTI,2016
291459691,65442,1.08708047866821,8.02488671070023e-07,HTI,2017
252200142,68490,1.44841885566711,0.0195325147360563,HTI,2018
126207627,92418,1.5114758014679,0.00650154333561659,HTI,2019
2763021922,105874,1.27252006530762,4.85778400616255e-06,HTI,2020
422890167,165019,2.30913782119751,0.000440994714153931,HTI,2021
518765968,208282,2.23595142364502,0.000270329648628831,HTI,2022
863819005,97002,3.51844024658203,0.00650154333561659,HTI-DOM,2019
4773021922,110668,3.15725147724152,0.0156491063535213,HTI-DOM,2020
2304964741,216002,4.12451171875,0.00572302704676986,HTI-DOM,2022
550649000,3280,1.45552396774292,0.00122142571490258,HUN,2022
1101298000,4052,2.94320726394653,0.19806607067585,HUN-SVK,2022
46654733,9023,5,1,IDN,1999
84045884,15223,10,1,IDN,2002
72428041,23758,9,1,IDN,2003
43211385,33690,4,1,IDN,2004
103389500,37989,9,0,IDN,2006
38031101,20209,5,0,IDN,2009
50500000,15543,2.00257921218872,0.47931119799614,IDN,2018
122271668,193479,9,0,IDN-TLS,2006
31316907,124690,3,0,IRN,2004
2.5e+07,215091,3.87655544281006,0.612646579742432,IRN,2019
2599517812,212247,1.7160609960556,0.65804523229599,IRN,2020
623415539,191461,1.08380436897278,0.889683723449707,IRN,2022
104157928,2715682,5,1,IRN-AFG,2004
636759986,5747084,5.36528766155243,0.964528679847717,IRN-AFG,2019
5842117812,5932182,3.78884613513947,0.915587663650513,IRN-AFG,2020
5065615539,9401631,2.71476638317108,0.889683723449707,IRN-AFG,2022
1246831078,194559,1.31715047359467,0.889683723449707,IRN-TKM,2022
2218417415,400168,1,0,IRQ,2003
84852332,4722778,1,1,IRQ,2007
265081286,4576421,2,1,IRQ,2008
547342759,3359590,1,1,IRQ,2009
558214262,3057083,0,1,IRQ,2010
1044112554,1398734,1,1,IRQ,2013
4368460088,4070040,0.0427746772766113,0.995936393737793,IRQ,2014
5656121271,4904541,-0.0766749382019043,0.601190328598023,IRQ,2015
5696276779,4198708,0.180392742156982,0.186877816915512,IRQ,2016
6560584141,3251151,-0.0585417747497559,0.973094522953033,IRQ,2017
6177697135,2431880,0.231150984764099,0.99665242433548,IRQ,2018
6210749433,2053637,0.132558941841126,0.0460620298981667,IRQ,2019
3029802637,1829875,-0.0581414699554443,0.906321465969086,IRQ,2020
6459234042,1784909,0.0818765163421631,0.555796086788178,IRQ,2021
6480903923,1685841,0.0845763683319092,0.521175682544708,IRQ,2022
6235749433,2268728,4.00911438465118,0.612646579742432,IRQ-IRN,2019
5629320449,2042122,1.65791952610016,0.906321465969086,IRQ-IRN,2020
7104319462,1877302,1.16838073730469,0.889683723449707,IRQ-IRN,2022
922858338,3059941,0,1,IRQ-JOR,2010
2088225108,1401283,1,1,IRQ-JOR,2013
8633177799,4073044,0.206419467926025,0.999401330947876,IRQ-JOR,2014
10189369529,4908206,-0.100595831871033,0.999881863594055,IRQ-JOR,2015
10248308815,4203060,0.17913544178009,0.999741852283478,IRQ-JOR,2016
12136521218,3256737,-0.116909742355347,0.998418092727661,IRQ-JOR,2017
11786648645,2438429,0.416715383529663,0.999366223812103,IRQ-JOR,2018
11720344727,2060667,0.0648137331008911,0.998878300189972,IRQ-JOR,2019
5592648368,1837345,0.00711238384246826,0.998939335346222,IRQ-JOR,2020
12311271281,1793685,0.0159499645233154,0.999159812927246,IRQ-JOR,2021
12561803499,1694914,0.0150458812713623,0.999184787273407,IRQ-JOR,2022
364644076,2858,0,0,JOR,2010
1044112554,2549,0,0,JOR,2013
4264717711,3004,0.163644790649414,0.999401330947876,JOR,2014
4533248258,3665,-0.0239208936691284,0.999881863594055,JOR,2015
4552032036,4352,-0.00125730037689209,0.999741852283478,JOR,2016
5575937077,5586,-0.0583679676055908,0.998418092727661,JOR,2017
5608951510,6549,0.185564398765564,0.999366223812103,JOR,2018
5509595294,7030,-0.0677452087402344,0.998878300189972,JOR,2019
2562845731,7470,0.0652538537979126,0.998939335346222,JOR,2020
5852037239,8776,-0.0659265518188477,0.999159812927246,JOR,2021
6080899576,9073,-0.0695304870605469,0.999184787273407,JOR,2022
122650146,3264,5,0,KEN,2001
59482798,13266,4,0,KEN,2002
96936756,15051,4,0,KEN,2004
159661020,6431,7,0,KEN,2006
41938954,415879,8,0,KEN,2008
301514438,411584,5,0,KEN,2009
508546127,310234,5,0,KEN,2010
525827794,310321,4,0,KEN,2011
763757858,422490,1,0,KEN,2012
743545979,10772,4,0,KEN,2013
370777164,11471,2.32487368583679,0.00244506797753274,KEN,2014
657794079,11160,2.57094955444336,0.000667321437504143,KEN,2015
165767183,13281,4.84941625595093,0.159828379750252,KEN,2017
4105882971,16381,2.84893465042114,0.00757109466940165,KEN,2020
866908168,17256,3.33409023284912,0.00728389713913202,KEN,2021
1123784711,17814,3.32228899002075,0.00744997663423419,KEN,2022
253391011,4440,8,0,KEN-TZA,2001
135702943,20372,5,0,KEN-TZA,2004
7688837134,18970,4.9872784614563,0.0831709876656532,KEN-TZA,2020
1591895970,19849,5.89239048957825,0.0928220823407173,KEN-TZA,2021
1719472700,20516,5.91831922531128,0.129670560359955,KEN-TZA,2022
201360261,44340,8,1,KEN-UGA,2001
127586208,55710,8,1,KEN-UGA,2002
224837811,50208,7,1,KEN-UGA,2004
382264277,1615684,13,1,KEN-UGA,2006
415882445,1279539,11,1,KEN-UGA,2008
526802537,866325,7,1,KEN-UGA,2009
705830522,443182,7,1,KEN-UGA,2010
741554328,23396,3.87730705738068,0.00470556411892176,KEN-UGA,2014
1315588158,23897,3.24447250366211,0.0772494003176689,KEN-UGA,2015
9071132443,35565,3.4546662569046,0.0278301518410444,KEN-UGA,2020
2458804138,36967,4.44367158412933,0.00728389713913202,KEN-UGA,2021
2592795826,37157,4.47773230075836,0.00744997663423419,KEN-UGA,2022
20635263,2933,0,0,KGZ,2008
73045639,84308,1,0,KGZ,2010
9945999,8774,1,0,LAO,2008
10153872,8587,2,0,LAO,2009
197484100,282802,2,1,LAO-MMR,2008
136464247,215409,0,0,LBN,2006
12663494,85649,1,0,LBN,2007
364644076,17382,0,0,LBN,2010
1044112554,6539,0,0,LBN,2013
4264717711,8095,1.20989990234375,0.412755638360977,LBN,2014
4533248258,10338,0.219849705696106,0.0163641646504402,LBN,2015
4552032036,13203,0.596487522125244,0.775842785835266,LBN,2016
5575937077,14586,0.204025387763977,0.657742261886597,LBN,2017
5608951510,13678,0.629287958145142,0.34090131521225,LBN,2018
5509595294,13679,0.111799955368042,0.0423915162682533,LBN,2019
2580704000,13459,0.191599607467651,0.0297172013670206,LBN,2020
6020013965,14934,0.371809363365173,0.0397317484021187,LBN,2021
6295934742,16964,0.358530402183533,0.0465610921382904,LBN,2022
729288152,45572,0,0,LBN-SYR,2010
1563739601,9036681,0,1,LBN-SYR,2013
6540867065,11607734,1.77671849727631,0.998369991779327,LBN-SYR,2014
7426692851,11692893,0.634665369987488,0.999959349632263,LBN-SYR,2015
7736441509,12048029,1.21375405788422,0.998508036136627,LBN-SYR,2016
8983729346,12622268,0.453499436378479,0.999509334564209,LBN-SYR,2017
9122755456,12991548,1.8505322933197,0.999918580055237,LBN-SYR,2018
8803011490,12894372,0.42834734916687,0.999440371990204,LBN-SYR,2019
8512315547,13525426,0.923745036125183,0.999802887439728,LBN-SYR,2020
10244430667,13868861,0.940051794052124,0.996421337127686,LBN-SYR,2021
10740214969,13502392,0.92844021320343,0.997578322887421,LBN-SYR,2022
17232575,590088,1,1,LBR,2002
42740007,891142,2,1,LBR,2003
137091482,841619,0,0,LBR,2004
120991657,165543,0,0,LBR,2006
425872988,95060,2,0,LBR,2007
356455369,77602,1,0,LBR,2008
361040474,73796,2,0,LBR,2009
368622476,72042,1,0,LBR,2010
251923226,68736,0,0,LBR,2011
121577270,25449,0,0,LBR,2012
987844154,15880,0.182311534881592,0.000272532663075253,LBR,2014
5.57e+08,8268,0.441189408302307,0.000251845049206167,LBR,2020
148614191,966100,2,1,LBR-CIV,2003
161525981,907452,2,0,LBR-CIV,2006
791335116,833746,4,0,LBR-CIV,2007
403097565,790235,3,0,LBR-CIV,2008
759160943,621346,2,0,LBR-CIV,2009
737244952,634318,3,0,LBR-CIV,2010
503846452,368419,0,1,LBR-CIV,2011
294666603,182350,0,0,LBR-CIV,2012
160454391,99891,0,1,LBY,2011
35738580,446988,-0.0232181549072266,0.00479315361008048,LBY,2015
175754118,189862,-0.00732266902923584,0.00611918698996306,LBY,2016
151013476,198984,-0.0310225486755371,0.0115962577983737,LBY,2017
312740102,191145,-0.0498602390289307,0.00679160375148058,LBY,2018
201624438,377691,-0.0517799854278565,0.00669605331495404,LBY,2019
2624852205,301140,-0.00903904438018799,0.0083666117861867,LBY,2020
189122124,203854,-0.0380599498748779,0.00833759550005198,LBY,2021
75287520,185543,-0.0388219356536865,0.0084651680663228,LBY,2022
320908782,110426,0,1,LBY-EGY,2011
4568986838,477059,0.057522177696228,0.0208270084112883,LBY-EGY,2015
4727786154,222680,0.0777119398117065,0.0400526560842991,LBY-EGY,2016
5726950553,235678,-0.0588785409927368,0.0205252803862095,LBY-EGY,2017
5921691612,232755,0.0108344554901123,0.0333170518279076,LBY-EGY,2018
5711219732,421734,0.0696415901184082,0.0758288204669952,LBY-EGY,2019
5134852205,344006,0.271497011184692,0.0145132895559073,LBY-EGY,2020
6041159363,252368,-0.0469900369644165,0.0321892276406288,LBY-EGY,2021
6156187096,237704,-0.0433934926986694,0.0345414876937866,LBY-EGY,2022
507950541,100986,4,1,LBY-NER,2011
421795248,586471,0.768783330917358,0.00479315361008048,LBY-NER,2015
496639135,313321,1.45370781421661,0.00611918698996306,LBY-NER,2016
422360472,331761,1.08090507984161,0.0115962577983737,LBY-NER,2017
642223945,352050,1.35109567642212,0.00679160375148058,LBY-NER,2018
584726255,575076,0.574445009231567,0.00669605331495404,LBY-NER,2019
5534837390,622556,1.41699147224426,0.0083666117861867,LBY-NER,2020
712305004,452457,1.43585824966431,0.00833759550005198,LBY-NER,2021
627885966,587053,1.47153496742249,0.0084651680663228,LBY-NER,2022
1427500672,3053862,2,1,LBY-SDN,2011
1071632673,4335211,2.55648803710938,0.992171406745911,LBY-SDN,2015
1127945363,3116279,3.23786294460297,0.992231726646423,LBY-SDN,2016
954979702,2942753,2.4548499584198,0.992609441280365,LBY-SDN,2017
1320295195,2847560,2.56469368934631,0.94428962469101,LBY-SDN,2018
1350913928,3070270,2.11549472808838,0.920675933361053,LBY-SDN,2019
6484709009,3711186,1.84470367431641,0.971222162246704,LBY-SDN,2020
2128937004,4140898,2.50208735466003,0.989172577857971,LBY-SDN,2021
2011985260,4661854,2.51081109046936,0.991991698741913,LBY-SDN,2022
666884240,269632,2,1,LBY-TCD,2011
617672792,517175,1.552401304245,0.999620318412781,LBY-TCD,2015
747213046,331558,2.96841585636139,0.999013185501099,LBY-TCD,2016
739621739,318397,0.806090474128723,0.977945387363434,LBY-TCD,2017
856509343,371755,2.10311055183411,0.997773706912994,LBY-TCD,2018
678265633,564467,1.00668776035309,0.988844335079193,LBY-TCD,2019
5680775390,653876,1.13433885574341,0.991776466369629,LBY-TCD,2020
806644531,629770,2.08894896507263,0.999769389629364,LBY-TCD,2021
586197419,586733,2.12341380119324,0.99985671043396,LBY-TCD,2022
320908782,103419,0,1,LBY-TUN,2011
25066700,601001,1,0,LKA,2002
29965284,590837,1,1,LKA,2006
66237244,600486,3,1,LKA,2007
175399329,649579,4,1,LKA,2008
155536622,588177,4,1,LKA,2009
337688785,423424,2,0,LKA,2010
339866531,285242,5,0,LKA,2011
147477770,240220,3,0,LKA,2012
47226143,171791,1.67053461074829,0.128160059452057,LKA,2022
41033465,10,1,0,LSO,2002
5972440,10,0,0,LSO,2003
22765106,17,1,0,LSO,2007
38458738,284,0,0,LSO,2012
533745000,44,0.0327572822570801,0.000914918316993862,LSO,2020
550649000,11794,1.12899816036224,0.00615322170779109,MDA,2022
8984679,146,2,0,MDG,2004
9639500,287,4,0,MDG,2007
36476586,298,5,0,MDG,2008
35732550,302,4,0,MDG,2009
20067549,365,0.564940810203552,0.000470915314508602,MDG,2017
32438095,562,0.666992783546448,7.61705014156178e-05,MDG,2019
75863438,798,0.483829975128174,0.000690889602992684,MDG,2021
64518126,1061,0.491533398628235,0.000921201833989471,MDG,2022
737611378,116275,3.84818983078003,0.935274720191956,MEX,2019
2.01e+09,127126,7.74764585494995,0.907125353813171,MEX,2020
1786198773,406481,4.45682668685913,0.758685767650604,MEX,2022
669867114,8784,1.50467586517334,0.00162232434377074,MKD,2016
1339734228,8961,3.12718427181244,0.199412524700165,MKD-GRC,2016
1339734228,287044,2.49981307983398,0.00162232434377074,MKD-SRB,2016
145603737,997,3,0,MLI,2006
309081675,5114,2,1,MLI,2007
312646547,2489,1,1,MLI,2008
361040474,3686,2,1,MLI,2009
368622476,4044,3,0,MLI,2010
213822578,379709,0,1,MLI,2012
369899258,414163,2,1,MLI,2013
618176096,251295,1.81890654563904,0.981553554534912,MLI,2014
387717935,225996,2.1819224357605,0.878303408622742,MLI,2015
358952695,202807,2.30488348007202,0.992256164550781,MLI,2016
293098319,203563,2.70453786849976,0.995356500148773,MLI,2017
247073801,289456,2.10892200469971,0.945471525192261,MLI,2018
297639505,380799,1.43128561973572,0.983690679073334,MLI,2019
2900892768,508676,2.92138600349426,0.933057427406311,MLI,2020
563286869,557789,2.58374929428101,0.999738276004791,MLI,2021
685734819,619007,2.62875747680664,0.999854922294617,MLI,2022
291207474,1563,6,0,MLI-BFA,2006
624130350,5925,4,1,MLI-BFA,2007
625293094,3518,5,1,MLI-BFA,2008
740530040,5046,5,1,MLI-BFA,2009
751408265,5684,5,0,MLI-BFA,2010
339884729,381671,1,1,MLI-BFA,2012
505440077,416678,3,1,MLI-BFA,2013
777217888,254714,2.9638010263443,0.981553554534912,MLI-BFA,2014
496816104,230834,4.13331890106201,0.878303408622742,MLI-BFA,2015
454377618,209354,4.38129329681397,0.992256164550781,MLI-BFA,2016
354187319,214164,4.52122640609741,0.995356500148773,MLI-BFA,2017
337364911,352882,4.62386679649353,0.945471525192261,MLI-BFA,2018
397949535,957561,3.6009087562561,0.983690679073334,MLI-BFA,2019
5722520854,1604473,4.92429327964783,0.933057427406311,MLI-BFA,2020
1171162763,2163559,5.16881370544434,0.999738276004791,MLI-BFA,2021
291207474,36212,5,0,MLI-MRT,2006
618163350,39210,4,1,MLI-MRT,2007
625293094,48854,1,1,MLI-MRT,2008
722080948,43711,3,1,MLI-MRT,2009
737244952,42518,5,1,MLI-MRT,2010
308059085,416484,0,1,MLI-MRT,2012
549735166,452245,3,1,MLI-MRT,2013
775863044,292395,2.55135309696198,0.981553554534912,MLI-MRT,2014
503226149,268126,3.39000701904297,0.878303408622742,MLI-MRT,2015
453062216,246456,3.81946444511414,0.992256164550781,MLI-MRT,2016
367598319,247631,4.90501189231873,0.995356500148773,MLI-MRT,2017
363073801,334627,3.41941428184509,0.945471525192261,MLI-MRT,2018
291207474,2270,6,0,MLI-NER,2006
618163350,6192,3,1,MLI-NER,2007
625293094,3542,4,1,MLI-NER,2008
722080948,4781,5,1,MLI-NER,2009
737244952,5157,7,0,MLI-NER,2010
442972950,380887,3,1,MLI-NER,2012
724313751,415256,4,1,MLI-NER,2013
1058858619,252558,3.27771949768066,0.981553554534912,MLI-NER,2014
773774603,365479,2.97392392158508,0.878303408622742,MLI-NER,2015
679837712,326266,3.76591396331787,0.992256164550781,MLI-NER,2016
564445315,336340,3.81646549701691,0.995356500148773,MLI-NER,2017
576557644,450361,3.50987792015076,0.945471525192261,MLI-NER,2018
680741322,578184,2.05751061439514,0.983690679073334,MLI-NER,2019
5810877953,830092,4.34741652011871,0.933057427406311,MLI-NER,2020
1086469749,806392,4.05766749382019,0.999738276004791,MLI-NER,2021
1238333265,1020517,4.13911437988281,0.999854922294617,MLI-NER,2022
291207474,17376,3,0,MLI-SEN,2006
618163350,21888,4,1,MLI-SEN,2007
625293094,19301,2,1,MLI-SEN,2008
722080948,20608,3,1,MLI-SEN,2009
737244952,21821,5,0,MLI-SEN,2010
790034744,283122,3.87610626220703,0.981553554534912,MLI-SEN,2014
457481698,261564,3.67449247837067,0.878303408622742,MLI-SEN,2015
383769782,242162,4.53028583526611,0.992256164550781,MLI-SEN,2016
308907041,255328,6.20643186569214,0.999088525772095,MLI-SEN,2017
263906825,325073,4.24083304405212,0.945471525192261,MLI-SEN,2018
187538101,274028,1,1,MMR,2008
83410311,896553,1,1,MMR,2013
192023000,906845,3.75109195709229,0.947756290435791,MMR,2014
265044894,963525,3.4431095123291,0.962260484695435,MMR,2015
189500000,921324,4.01678085327148,0.992786824703217,MMR,2016
150300000,1550938,4.25858592987061,0.992938458919525,MMR,2017
183400000,1545914,3.69736051559448,0.977530539035797,MMR,2018
202200000,1426301,3.7315526008606,0.99763548374176,MMR,2019
2726450000,1513772,3.33566236495972,0.993487954139709,MMR,2020
385617765,1892216,2.60818243026733,0.998649179935455,MMR,2021
825698032,2806660,2.62733864784241,0.998040378093719,MMR,2022
227399347,1635836,6.19213032722473,0.992938458919525,MMR-BGD,2017
1134234205,1625779,4.40017580986023,0.977530539035797,MMR-BGD,2018
1122661273,1511927,5.85528564453125,0.99763548374176,MMR-BGD,2019
6413111222,1597356,6.1852719783783,0.993487954139709,MMR-BGD,2020
1328741115,1980383,4.54661273956299,0.998649179935455,MMR-BGD,2021
1706728812,2891885,4.67977976799011,0.998040378093719,MMR-BGD,2022
18150794,3508,0,0,MNG,2010
21549761,274,9,0,MOZ,2003
37619682,891,7,0,MOZ,2007
86147525,876,5,0,MOZ,2008
10246400,27757,3.69166088104248,0.0137201845645905,MOZ,2017
440852044,189327,5.1651086807251,1.03889233287191e-05,MOZ,2019
5e+08,676793,4.05643939971924,9.72063789959066e-05,MOZ,2020
253490356,753759,4.11978769302368,1.30707694552257e-05,MOZ,2021
436573657,1037428,4.24450969696045,1.38127161335433e-05,MOZ,2022
42373869,284,9,0,MOZ-SWZ,2003
56330139,976,9,0,MOZ-SWZ,2007
145603737,35215,2,0,MRT,2006
309081675,34096,2,0,MRT,2007
312646547,46365,0,0,MRT,2008
361040474,40025,1,0,MRT,2009
368622476,38474,2,1,MRT,2010
94236507,36775,0,0,MRT,2012
179835908,38082,1,0,MRT,2013
157686948,41100,0.732446551322937,0.0745222941040993,MRT,2014
115508214,42130,1.20808458328247,0.604096293449402,MRT,2015
94109521,43649,1.51458096504211,0.521160006523132,MRT,2016
74500000,44068,2.20047402381897,0.93869823217392,MRT,2017
1.16e+08,45171,1.31049227714539,0.317313730716705,MRT,2018
144341111,195,5,0,MWI,2002
13227660,1510,2,0,MWI,2003
87760869,3944,3,0,MWI,2005
34777421,1784,11,0,MWI-MOZ,2003
215737320,451,5,0,MWI-ZMB,2002
40718651,1865,5,0,MWI-ZMB,2003
2724380,961,1,0,NAM,2009
2310450,2159,1,0,NAM,2011
552404497,24796,3,0,NAM-ZWE,2009
417586190,118155,3,0,NAM-ZWE,2011
16191000,1223,2,0,NER,2005
145603737,1273,3,0,NER,2006
309081675,1078,1,1,NER,2007
312646547,1053,3,1,NER,2008
361040474,1095,3,0,NER,2009
368622476,1113,4,0,NER,2010
347496150,1095,4,0,NER,2011
229150372,1178,3,0,NER,2012
354414493,1093,2,0,NER,2013
440682523,1263,1.45881295204163,0.000545339018572122,NER,2014
386056668,139483,0.792001485824585,0.000221492620767094,NER,2015
320885017,123459,1.46103048324585,6.30430949968286e-05,NER,2016
271346996,132777,1.11192762851715,0.000182266128831543,NER,2017
329483843,160905,1.40095591545105,0.00486381771042943,NER,2018
383101817,197385,0.626224994659424,0.000171740612131543,NER,2019
2909985185,321416,1.42603051662445,0.000444767472799867,NER,2020
523182880,248603,1.47391819953918,1.26397990243277e-05,NER,2021
552598446,401510,1.51035690307617,2.31315334531246e-05,NER,2022
291207474,1839,6,0,NER-BFA,2006
624130350,1889,3,1,NER-BFA,2007
625293094,2082,7,1,NER-BFA,2008
740530040,2455,6,0,NER-BFA,2009
751408265,2753,6,0,NER-BFA,2010
355212523,3140,4,0,NER-BFA,2012
489955312,3608,3,0,NER-BFA,2013
599724315,4682,2.60370743274689,0.0103196017444134,NER-BFA,2014
495154837,144321,2.7433979511261,0.00385688757523894,NER-BFA,2015
416309940,130006,3.53744029998779,0.00872336700558662,NER-BFA,2016
332435996,143378,2.92861616611481,0.0099330423399806,NER-BFA,2017
419774953,224331,3.91590070724487,0.00488458527252078,NER-BFA,2018
483411847,774147,2.79584813117981,0.0130898552015424,NER-BFA,2019
5731613271,1417213,3.42893779277802,0.05374601110816,NER-BFA,2020
1131058774,1854373,4.05898261070251,0.0056736427359283,NER-BFA,2021
368622476,27557,3,0,NGA,2010
124620568,1309029,2.36469125747681,0.00122463621664792,NGA,2014
110599900,2391858,0.613746404647827,0.00138460600282997,NGA,2015
252807718,2515424,3.09440183639526,0.000524583330843598,NGA,2016
1054431494,2034981,3.21975445747376,0.0147692952305079,NGA,2017
1047768587,2529383,3.53172826766968,0.0247685518115759,NGA,2018
847703581,2603739,2.53335237503052,0.000440177653217688,NGA,2019
3506281653,3036471,2.82644820213318,0.00222239596769214,NGA,2020
1006358629,3551681,3.21284461021423,0.000435737689258531,NGA,2021
1127211641,3761357,3.23037838935852,0.000544262526091188,NGA,2022
737244952,28220,7,0,NGA-BEN,2010
4023511653,3038427,4.06889009475708,0.106342196464539,NGA-BEN,2020
222843178,1324781,3.19121980667114,0.0193626414984465,NGA-CMR,2014
384959762,2502437,0.921609282493591,0.00394028332084417,NGA-CMR,2015
539886070,2735600,5.25627899169922,0.181199491024017,NGA-CMR,2016
1364074706,2292315,3.65238928794861,0.0390370562672615,NGA-CMR,2017
1352293454,3261633,4.27996695041657,0.110034264624119,NGA-CMR,2018
1146585950,3642108,3.36214530467987,0.0121691729873419,NGA-CMR,2019
6338163577,4170907,3.75071132183075,0.00596013106405735,NGA-CMR,2020
1367912944,4632447,5.39811158180237,0.0109034962952137,NGA-CMR,2021
1503257692,4919722,5.47986245155335,0.0262673646211624,NGA-CMR,2022
737244952,28670,7,0,NGA-NER,2010
565303091,1310292,3.82350420951843,0.00122463621664792,NGA-NER,2014
496656568,2531341,1.40574789047241,0.00138460600282997,NGA-NER,2015
573692735,2638883,4.55543231964111,0.000524583330843598,NGA-NER,2016
1325778490,2167758,4.33168208599091,0.0147692952305079,NGA-NER,2017
1377252430,2690288,4.93268418312073,0.0247685518115759,NGA-NER,2018
1230805398,2801124,3.15957736968994,0.000440177653217688,NGA-NER,2019
6416266838,3357887,4.25247871875763,0.00222239596769214,NGA-NER,2020
1529541509,3800284,4.68676280975342,0.000435737689258531,NGA-NER,2021
1679810087,4162867,4.74073529243469,0.000544262526091188,NGA-NER,2022
819776241,214934,7,1,NGA-TCD,2010
701730821,1360561,4.85316443443298,0.994073569774628,NGA-TCD,2014
692534112,2462045,2.18936586380005,0.999620318412781,NGA-TCD,2015
824266646,2657120,6.07014036178589,0.999013185501099,NGA-TCD,2016
1643039757,2154394,4.05686748027802,0.977945387363434,NGA-TCD,2017
1591537828,2709993,5.68469905853272,0.997773706912994,NGA-TCD,2018
1324344776,2790515,3.59182012081146,0.988844335079193,NGA-TCD,2019
6562204838,3389207,3.96982610225678,0.991776466369629,NGA-TCD,2020
1623881036,3977597,5.33985352516174,0.999769389629364,NGA-TCD,2021
1638121540,4162547,5.39261412620544,0.99985671043396,NGA-TCD,2022
39250635,2721,2,0,NIC,2007
14289736,1602,1,0,NIC,2011
64506025,105075,2,1,NPL,2006
60610934,55501,1,0,NPL,2007
119987697,6283,2,0,NPL,2008
115026422,6900,5,0,NPL,2009
123504597,7043,4,0,NPL,2010
437694000,18012,1.78120815753937,0.000246702344156802,NPL,2015
83624000,18358,1.49581706523895,0.00048981950385496,NPL,2021
38303544,40447,7,1,PAK,2007
55102503,1934442,3,1,PAK,2009
994624072,1012012,5,1,PAK,2010
356759669,502559,1,1,PAK,2011
439813059,831478,3,1,PAK,2012
339403724,380153,10.8523693084717,0.338315159082413,PAK,2017
123004259,303969,5.08090400695801,0.201381623744965,PAK,2018
201961132,303827,9.8857250213623,0.867841482162476,PAK,2019
626820000,293607,7.23661708831787,0.530781090259552,PAK,2020
332043165,288403,2.75186681747437,0.550388216972351,PAK,2021
783740614,170931,2.9163932800293,0.620583057403565,PAK,2022
659083656,5149091,6,1,PAK-AFG,2009
1865185333,4455719,7,1,PAK-AFG,2010
1035392653,3653728,5,1,PAK-AFG,2011
876953693,3966212,10,1,PAK-AFG,2012
748817536,5175483,13.7758386135101,0.730674922466278,PAK-AFG,2017
721928257,5402236,6.78918671607971,0.641635954380035,PAK-AFG,2018
813721118,5835820,11.3744572401047,0.964528679847717,PAK-AFG,2019
3869420000,6013542,9.30940222740173,0.915587663650513,PAK-AFG,2020
2219939785,6721876,4.31178522109985,0.719794273376465,PAK-AFG,2021
5225940614,9381101,4.5473552942276,0.721170961856842,PAK-AFG,2022
226961132,518918,13.7622804641724,0.867841482162476,PAK-IRN,2019
3226337812,505854,8.95267808437347,0.65804523229599,PAK-IRN,2020
1407156153,362392,4.00019764900208,0.889683723449707,PAK-IRN,2022
737611378,285,1.11896479129791,0.00039314286550507,PAN,2019
2.01e+09,385,0.573390603065491,2.78592015092727e-05,PAN,2020
1786198773,1176,0.282482147216797,4.91938335471787e-05,PAN,2022
36962939,10794,2,1,PER,2007
39472408,6085,1.42653751373291,0.296771049499512,PER,2017
737611378,11434,1.34191298484802,0.158683657646179,PER,2019
2.01e+09,13417,1.685671210289,0.0349167175590992,PER,2020
1786198773,28243,1.69424867630005,0.155617386102676,PER,2022
1475222756,24867,14.2455022335053,0.158683657646179,PER-BRA,2019
4.02e+09,31822,15.1667340993881,0.0349167175590992,PER-BRA,2020
3572397546,80170,10.6017527580261,0.155617386102676,PER-BRA,2022
1475222756,8252648,6.31967854499817,0.158683657646179,PER-COL,2019
4928438395,8526988,6.74623048305512,0.0349167175590992,PER-COL,2020
3855251594,7116080,7.03834819793701,0.155617386102676,PER-COL,2022
1475222756,32418,1.29417133331299,0.158683657646179,PER-ECU,2019
4566425000,37196,1.60793888568878,0.0349167175590992,PER-ECU,2020
3572397546,71801,1.66463303565979,0.155617386102676,PER-ECU,2022
6395635,1408,12,1,PHL,2004
48703941,1679,16,1,PHL,2006
74021809,1777,22,1,PHL,2009
34527526,160765,30,1,PHL,2011
66489287,2515,18,1,PHL,2012
35491800,118963,13,1,PHL,2013
354396229,144207,4.61597490310669,0.00130570749752224,PHL,2014
61004152,81977,3.63606739044189,0.00441266223788261,PHL,2018
575303000,155826,4.07065773010254,0.000563192821573466,PHL,2020
107249962,104161,4.09788990020752,0.0011845879489556,PHL,2022
550649000,2010,0.947691679000854,2.98572776955552e-05,POL,2022
313757503,65,1,0,PRK,2000
386339454,66,2,0,PRK,2001
258136111,326,2,0,PRK,2002
225291675,347,0,0,PRK,2003
221224079,408,2,0,PRK,2004
14102922,834,2,0,PRK,2007
218740000,1596,3,0,PRK,2011
198066562,2149,3,0,PRK,2012
110895000,1317,0.581712007522583,2.07857465284178e-06,PRK,2015
121734022,1945,0.457937717437744,7.62276272325835e-07,PRK,2016
113502775,1763,0.975032269954681,1.46635318287736e-06,PRK,2017
111217000,943,0.717647433280945,2.99277985504887e-07,PRK,2018
120345890,870,0.750186681747437,3.90215827792417e-05,PRK,2019
2656692162,777,1.96145594120026,1.83485972229391e-05,PRK,2020
431210379,503176,13,1,PRK-RUS,2001
290082660,482761,13,1,PRK-RUS,2002
259024559,486012,4,1,PRK-RUS,2003
283147782,456300,9,1,PRK-RUS,2004
93685649,300907,4,1,PRK-RUS,2007
737611378,716,1.69940042495728,0.000595652556512505,PRY,2019
2.01e+09,987,2.09226059913635,0.00019683432765305,PRY,2020
1786198773,1366,0.623557567596436,0.00136687920894474,PRY,2022
550649000,10139,2.39932680130005,0.000842155888676643,ROU,2022
1101298000,13419,3.85485076904297,0.00122142571490258,ROU-HUN,2022
1101298000,21933,3.52832496166229,0.00615322170779109,ROU-MDA,2022
51596756,526673,7,1,RUS,1999
44870925,503110,11,1,RUS,2001
31946549,482435,11,1,RUS,2002
33732884,485665,4,1,RUS,2003
61923703,455892,7,1,RUS,2004
59444073,287884,8,1,RUS,2005
88315079,337345,3,1,RUS,2006
79582727,300073,2,1,RUS,2007
84150645,89188,2,0,RWA,2007
3424080058,262429,0.122439861297607,0.00291141401976347,RWA,2020
724987802,271742,0.219010472297668,0.0752730742096901,RWA,2021
595687989,267571,0.232754945755005,0.0549663230776787,RWA,2022
421551567,1349635,6,1,RWA-UGA,2007
8389329530,281613,0.728171467781067,0.0278301518410444,RWA-UGA,2020
2316883772,291453,1.32859182357788,0.0752730742096901,RWA-UGA,2021
2064699104,286914,1.38819825649261,0.0549663230776787,RWA-UGA,2022
125616818,513445,1,1,SDN,2000
194154116,509755,1,1,SDN,2001
194502863,522862,4,1,SDN,2002
255110043,612905,2,1,SDN,2003
241575568,1404883,3,1,SDN,2004
1459154491,1549028,5,1,SDN,2005
1525490203,2028160,8,1,SDN,2006
1294100080,1792435,4,1,SDN,2007
1864188415,1638362,2,1,SDN,2008
2189169042,1419219,1,1,SDN,2009
1877499637,2035064,2,1,SDN,2010
1267046281,2953971,2,1,SDN,2011
1064170733,2463755,2,1,SDN,2012
984123193,2550614,1,1,SDN,2013
1366294521,2894813,2.01326608657837,0.78302413225174,SDN,2014
1035894093,3888223,2.5797061920166,0.992171406745911,SDN,2015
952191245,2926417,3.2451856136322,0.992231726646423,SDN,2016
803966226,2743769,2.48587250709534,0.992609441280365,SDN,2017
1007555093,2656415,2.61455392837524,0.94428962469101,SDN,2018
1149289490,2692579,2.16727471351624,0.920675933361053,SDN,2019
3859856804,3410046,1.85374271869659,0.971222162246704,SDN,2020
1939814880,3937044,2.54014730453491,0.989172577857971,SDN,2021
1936697740,4476311,2.54963302612305,0.991991698741913,SDN,2022
1427500672,2964506,2,1,SDN-EGY,2011
2028235747,2572896,1,1,SDN-EGY,2013
5631012232,2921528,2.01501154899597,0.78302413225174,SDN-EGY,2014
5569142351,3918294,2.66044652462006,0.992171406745911,SDN-EGY,2015
5504223281,2959235,3.33022022247314,0.992231726646423,SDN-EGY,2016
6379903303,2780463,2.45801651477814,0.992609441280365,SDN-EGY,2017
6616506603,2698025,2.67524862289429,0.94428962469101,SDN-EGY,2018
6658884784,2736622,2.2886962890625,0.920675933361053,SDN-EGY,2019
6369856804,3452912,2.13427877426147,0.971222162246704,SDN-EGY,2020
7791852119,3985558,2.53121721744537,0.989172577857971,SDN-EGY,2021
8017597316,4528472,2.54506146907806,0.991991698741913,SDN-EGY,2022
351694422,845826,1,1,SDN-ERI,2001
314966410,866855,4,1,SDN-ERI,2002
418499500,739844,3,1,SDN-ERI,2003
388814596,1538802,4,1,SDN-ERI,2004
1616305670,1697106,5,1,SDN-ERI,2005
1643161228,2226921,8,1,SDN-ERI,2006
271635203,1460068,6,1,SDN-TCD,2004
1641846331,1600526,6,1,SDN-TCD,2005
1692560002,2180562,10,1,SDN-TCD,2006
1464764525,2029718,7,1,SDN-TCD,2007
2151849545,1863503,5,1,SDN-TCD,2008
2578109392,1647058,5,1,SDN-TCD,2009
2328653402,2222441,6,1,SDN-TCD,2010
1773476130,3123712,4,1,SDN-TCD,2011
1521537879,2597187,6,1,SDN-TCD,2012
1484635851,2622867,1,1,SDN-TCD,2013
1943404774,2946345,4.50173926353455,0.994073569774628,SDN-TCD,2014
1617828305,3958410,4.15532565116882,0.999620318412781,SDN-TCD,2015
1523650173,3068113,6.22092413902283,0.999013185501099,SDN-TCD,2016
1392574489,2863182,3.3229855298996,0.992609441280365,SDN-TCD,2017
1551324334,2837025,4.76752471923828,0.997773706912994,SDN-TCD,2018
1625930685,2879355,3.22574245929718,0.988844335079193,SDN-TCD,2019
6915779989,3762782,2.99712061882019,0.991776466369629,SDN-TCD,2020
2557337287,4362960,4.66715621948242,0.999769389629364,SDN-TCD,2021
2447607639,4877501,4.71186876296997,0.99985671043396,SDN-TCD,2022
145603737,16379,0,0,SEN,2006
309081675,16774,2,0,SEN,2007
312646547,16812,1,0,SEN,2008
361040474,16922,1,0,SEN,2009
368622476,17777,2,0,SEN,2010
171858648,31827,2.05719971656799,0.278352558612824,SEN,2014
69763763,35568,1.49257004261017,0.499105423688889,SEN,2015
24817087,39355,2.22540235519409,0.211093977093697,SEN,2016
15808722,51765,3.50189399719238,0.999088525772095,SEN,2017
16833024,35617,2.13191103935242,0.444997489452362,SEN,2018
625293094,19276,3,0,SEN-GMB,2008
247602185,47425,2.55476641654968,0.278352558612824,SEN-GMB,2014
103788140,56861,2.0682954788208,0.499105423688889,SEN-GMB,2015
41171201,69832,2.77004742622376,0.211093977093697,SEN-GMB,2016
294847474,17664,1,0,SEN-GNB,2006
618163350,18039,2,0,SEN-GNB,2007
625293094,18121,3,0,SEN-GNB,2008
722080948,18339,1,0,SEN-GNB,2009
737244952,19232,3,0,SEN-GNB,2010
291207474,51594,2,0,SEN-MRT,2006
618163350,50870,4,0,SEN-MRT,2007
625293094,63177,1,0,SEN-MRT,2008
722080948,56947,2,0,SEN-MRT,2009
737244952,56251,4,1,SEN-MRT,2010
329545596,72927,2.78964626789093,0.278352558612824,SEN-MRT,2014
185271977,77698,2.70065462589264,0.604096293449402,SEN-MRT,2015
118926608,83004,3.73998332023621,0.521160006523132,SEN-MRT,2016
90308722,95833,5.70236802101135,0.999088525772095,SEN-MRT,2017
132833024,80788,3.4424033164978,0.444997489452362,SEN-MRT,2018
5e+05,69,0,0,SLB,2007
70961440,709660,1,1,SLE,2000
78121202,188162,1,1,SLE,2001
88624925,148938,0,0,SLE,2002
113244355,77478,1,0,SLE,2003
61939200,49916,2,0,SLE,2004
309081675,36768,1,0,SLE,2007
312646547,35132,1,0,SLE,2008
361040474,18347,1,0,SLE,2009
368622476,12668,1,0,SLE,2010
987844154,8139,0.382648825645447,2.4780752028164e-07,SLE,2014
560474837,14118,0.684516906738281,4.12186091125477e-05,SLE,2020
147095671,156159,1,0,SLE-GIN,2002
167374022,84507,2,0,SLE-GIN,2003
100387775,57172,4,0,SLE-GIN,2004
618163350,46961,3,0,SLE-GIN,2007
625293094,46625,2,0,SLE-GIN,2008
722080948,32078,2,0,SLE-GIN,2009
737244952,27415,3,0,SLE-GIN,2010
1975688308,41199,1.84462916851044,1.55553589138435e-05,SLE-GIN,2014
105857500,739026,1,1,SLE-LBR,2002
155984362,968620,3,1,SLE-LBR,2003
199030682,891535,2,0,SLE-LBR,2004
734954663,131828,3,0,SLE-LBR,2007
669101916,112734,2,0,SLE-LBR,2008
722080948,92143,3,0,SLE-LBR,2009
737244952,84710,2,0,SLE-LBR,2010
1975688308,24019,0.564960360527039,0.000272532663075253,SLE-LBR,2014
1117474837,22386,1.12570631504059,0.000251845049206167,SLE-LBR,2020
8471913,49486,4,0,SLV,2005
13064447,14797,3,0,SLV,2009
15764212,8358,1,0,SLV,2011
42156698,276787,1.19297194480896,0.764134287834168,SLV,2021
114317607,278895,1.21451115608215,0.76510089635849,SLV,2022
33141913,84710,6,0,SLV-GTM,2005
98448530,464142,3.3808331489563,0.764134287834168,SLV-GTM,2021
267848911,476074,3.40719079971314,0.76510089635849,SLV-GTM,2022
332791382,745558,4.45619368553162,0.764134287834168,SLV-HND,2021
269613970,786545,4.49834990501404,0.76510089635849,SLV-HND,2022
50552783,505615,7,0,SOM,2000
129555919,456315,2,1,SOM,2001
83683971,446249,3,1,SOM,2002
77824105,417101,2,0,SOM,2003
110616825,409804,2,0,SOM,2004
164463170,826010,5,0,SOM,2005
202733290,886036,10,1,SOM,2006
237112824,1473769,3,1,SOM,2007
406235651,1858864,3,1,SOM,2008
918844550,2249355,1,1,SOM,2009
689008615,2256732,3,1,SOM,2010
529520029,2465121,2,1,SOM,2011
1521930554,2303352,2,1,SOM,2012
1332496301,2290425,3,1,SOM,2013
933070303,2288493,1.91828548908234,0.823389887809753,SOM,2014
862579628,2312808,1.76449835300446,0.934587299823761,SOM,2015
885189342,2635365,3.29836535453796,0.875763833522797,SOM,2016
865665164,3161411,1.75852012634277,0.899543642997742,SOM,2017
1542514570,3653490,1.18455290794373,0.767948031425476,SOM,2018
1077453103,3602679,1.66888904571533,0.796896874904633,SOM,2019
3631499675,3833680,2.77222609519959,0.77905398607254,SOM,2020
1160315812,3803783,1.80877757072449,0.541030585765839,SOM,2021
40259330,3814906,1.91336238384247,0.654831647872925,SOM,2022
140774237,456947,2,1,SOM-DJI,2001
171957368,826723,6,0,SOM-DJI,2005
320404315,886621,10,1,SOM-DJI,2006
437926033,1859557,4,1,SOM-DJI,2008
568719367,2465991,2,1,SOM-DJI,2011
1601001859,2304277,2,1,SOM-DJI,2012
1404166962,2291563,3,1,SOM-DJI,2013
1007155390,2289777,2.31341814994812,0.823389887809753,SOM-DJI,2014
944581504,2314409,2.24181616306305,0.934587299823761,SOM-DJI,2015
959991525,2637633,3.91138923168182,0.875763833522797,SOM-DJI,2016
908642862,3164458,2.16813611984253,0.899543642997742,SOM-DJI,2017
6262216786,3836982,3.03379881381989,0.77905398607254,SOM-DJI,2020
1228509752,3807384,2.1327508687973,0.541030585765839,SOM-DJI,2021
80518660,3817799,2.23937046527863,0.654831647872925,SOM-DJI,2022
252206065,459579,7,1,SOM-KEN,2001
143166769,459515,7,1,SOM-KEN,2002
207553581,424855,6,0,SOM-KEN,2004
362394310,892467,17,1,SOM-KEN,2006
448174605,2274743,11,1,SOM-KEN,2008
1220358988,2660939,6,1,SOM-KEN,2009
1197554742,2566966,8,1,SOM-KEN,2010
1055347823,2775442,6,1,SOM-KEN,2011
2285688412,2725842,3,1,SOM-KEN,2012
2076042280,2301197,7,1,SOM-KEN,2013
1303847467,2299964,4.24315917491913,0.823389887809753,SOM-KEN,2014
1520373707,2323968,4.33544790744782,0.934587299823761,SOM-KEN,2015
1031432347,3174692,6.6079363822937,0.899543642997742,SOM-KEN,2017
7737382646,3850061,5.62116074562073,0.77905398607254,SOM-KEN,2020
2027223980,3821039,5.14286780357361,0.541030585765839,SOM-KEN,2021
1164044041,3832720,5.23565137386322,0.654831647872925,SOM-KEN,2022
669867114,278260,0.995137214660645,0.000491685292217881,SRB,2016
1339734228,304834,2.89129829406738,0.000491685292217881,SRB-HRV,2016
550649000,772,1.48768329620361,0.19806607067585,SVK,2022
1101298000,2782,2.43537497520447,0.19806607067585,SVK-POL,2022
669867114,32,0.822071552276611,0.00551205454394221,SVN,2016
19028760,25,0,0,SWZ,2002
20824108,10,0,0,SWZ,2003
18710457,85,2,0,SWZ,2007
20228570,21184,1,0,SYR,2008
52938616,23474,0,0,SYR,2009
364644076,28190,0,0,SYR,2010
180141764,2771527,0,1,SYR,2012
519627047,9030142,0,1,SYR,2013
2276149354,11599639,0.566818594932556,0.998369991779327,SYR,2014
2893444593,11682555,0.414815664291382,0.999959349632263,SYR,2015
3184409473,12034826,0.617266535758972,0.998508036136627,SYR,2016
3407792269,12607682,0.249474048614502,0.999509334564209,SYR,2017
3513803946,12977870,1.22124433517456,0.999918580055237,SYR,2018
3293416196,12880693,0.316547393798828,0.999440371990204,SYR,2019
5931611547,13511967,0.732145428657532,0.999802887439728,SYR,2020
4224416702,13853927,0.568242430686951,0.996421337127686,SYR,2021
4444280227,13485428,0.569909811019898,0.997578322887421,SYR,2022
285309856,4597605,3,1,SYR-IRQ,2008
600281375,3383064,1,1,SYR-IRQ,2009
922858338,3085273,0,1,SYR-IRQ,2010
1563739601,10428876,1,1,SYR-IRQ,2013
6644609442,15669679,0.609593272209168,0.998369991779327,SYR-IRQ,2014
8549565864,16587096,0.338140726089478,0.999959349632263,SYR-IRQ,2015
8880686252,16233534,0.797659277915955,0.998508036136627,SYR-IRQ,2016
9968376410,15858833,0.190932273864746,0.999509334564209,SYR-IRQ,2017
9691501081,15409750,1.45239531993866,0.999918580055237,SYR-IRQ,2018
9504165629,14934330,0.449106335639954,0.999440371990204,SYR-IRQ,2019
8961414184,15341842,0.674003958702087,0.999802887439728,SYR-IRQ,2020
10683650744,15638836,0.650118947029114,0.996421337127686,SYR-IRQ,2021
10925184150,15171269,0.654486179351807,0.997578322887421,SYR-IRQ,2022
729288152,31048,0,0,SYR-JOR,2010
1563739601,9032691,0,1,SYR-JOR,2013
6540867065,11602643,0.73046338558197,0.999401330947876,SYR-JOR,2014
7426692851,11686220,0.390894770622253,0.999959349632263,SYR-JOR,2015
7736441509,12039178,0.61600923538208,0.999741852283478,SYR-JOR,2016
8983729346,12613268,0.191106081008911,0.999509334564209,SYR-JOR,2017
9122755456,12984419,1.40680873394012,0.999918580055237,SYR-JOR,2018
8803011490,12887723,0.248802185058594,0.999440371990204,SYR-JOR,2019
8494457278,13519437,0.797399282455444,0.999802887439728,SYR-JOR,2020
10076453941,13862703,0.502315878868103,0.999159812927246,SYR-JOR,2021
10525179803,13494501,0.500379323959351,0.999184787273407,SYR-JOR,2022
1563739601,9107252,0,1,SYR-TUR,2013
6540867065,11674710,4.20039832592011,0.998369991779327,SYR-TUR,2014
7426692851,11754173,3.37804365158081,0.999959349632263,SYR-TUR,2015
8406308623,12115977,4.16282093524933,0.998508036136627,SYR-TUR,2016
8983729346,12702866,2.61250638961792,0.999509334564209,SYR-TUR,2017
9122755456,13089685,5.48449277877808,0.999918580055237,SYR-TUR,2018
8803011490,13010873,2.89126873016357,0.999440371990204,SYR-TUR,2019
8441611547,13650214,3.54865705966949,0.999802887439728,SYR-TUR,2020
10076453941,14005273,4.55531775951386,0.996421337127686,SYR-TUR,2021
10525179803,13660363,4.44839024543762,0.997578322887421,SYR-TUR,2022
30059635,55185,3,0,TCD,2004
182691840,51498,1,1,TCD,2005
167069799,152402,2,1,TCD,2006
170664445,237283,3,1,TCD,2007
287661130,225141,3,1,TCD,2008
388940350,227839,4,1,TCD,2009
451153765,187377,4,1,TCD,2010
506429849,169741,2,0,TCD,2011
457367146,133432,4,0,TCD,2012
500512658,72253,0,0,TCD,2013
577110253,51532,2.48847317695618,0.994073569774628,TCD,2014
581934212,70187,1.57561945915222,0.999620318412781,TCD,2015
571458928,141696,2.97573852539063,0.999013185501099,TCD,2016
588608263,119413,0.83711302280426,0.977945387363434,TCD,2017
543769241,180610,2.15297079086304,0.997773706912994,TCD,2018
476641195,186776,1.05846774578094,0.988844335079193,TCD,2019
3055923185,352736,1.1433779001236,0.991776466369629,TCD,2020
617522407,425916,2.12700891494751,0.999769389629364,TCD,2021
510909899,401190,2.16223573684692,0.99985671043396,TCD,2022
675332863,67284,3.31500172615051,0.994073569774628,TCD-CMR,2014
856294074,180766,1.88348233699799,0.999620318412781,TCD-CMR,2015
858537280,361872,5.13761568069458,0.999013185501099,TCD-CMR,2016
898251475,376747,1.26974785327911,0.977945387363434,TCD-CMR,2017
848294108,912860,2.90120947360992,0.997773706912994,TCD-CMR,2018
775523564,1225145,1.8872606754303,0.988844335079193,TCD-CMR,2019
5887805109,1487172,2.06764101982117,0.991776466369629,TCD-CMR,2020
979076722,1506682,4.31227588653564,0.999769389629364,TCD-CMR,2021
886955950,1559555,4.41171979904175,0.99985671043396,TCD-CMR,2022
198882840,52721,3,1,TCD-NER,2005
312673536,153675,5,1,TCD-NER,2006
479746120,238361,4,1,TCD-NER,2007
600307677,226194,6,1,TCD-NER,2008
749980824,228934,7,1,TCD-NER,2009
819776241,188490,8,1,TCD-NER,2010
853925999,170836,6,0,TCD-NER,2011
686517518,134610,7,0,TCD-NER,2012
854927151,73346,2,0,TCD-NER,2013
1017792776,52795,3.9472861289978,0.994073569774628,TCD-NER,2014
967990880,209670,2.36762094497681,0.999620318412781,TCD-NER,2015
892343945,265155,4.43676900863647,0.999013185501099,TCD-NER,2016
859955259,252190,1.94904065132141,0.977945387363434,TCD-NER,2017
873253084,341515,3.55392670631409,0.997773706912994,TCD-NER,2018
859743012,384161,1.68469274044037,0.988844335079193,TCD-NER,2019
5965908370,674152,2.56940841674805,0.991776466369629,TCD-NER,2020
1140705287,674519,3.60092711448669,0.999769389629364,TCD-NER,2021
1063508345,802700,3.6725926399231,0.99985671043396,TCD-NER,2022
145603737,33906,1,0,TGO,2006
309081675,23782,1,0,TGO,2007
312646547,17853,2,0,TGO,2008
361040474,19322,1,0,TGO,2009
368622476,19331,3,0,TGO,2010
519382534,11034,1.0531485080719,0.999012231826782,TGO,2020
630573442,30460,2,0,TGO-GHA,2007
625293094,33074,3,0,TGO-GHA,2008
722080948,35517,3,0,TGO-GHA,2009
737244952,41502,6,0,TGO-GHA,2010
34841820,60572,1,1,TJK,2000
82014432,56501,2,0,TJK,2001
76556685,63481,4,0,TJK,2002
62006309,59135,2,0,TJK,2003
53669456,56933,1,0,TJK,2004
1e+06,765,0,0,TJK,2006
25303587,681,2,0,TJK,2008
36203449,816,1,0,TJK,2009
623415539,6589,0.625105977058411,0.551270425319672,TJK,2022
1840451315,3265618,16,0,TJK-AFG,2002
332596309,2405751,10,1,TJK-AFG,2003
126510477,2647925,3,1,TJK-AFG,2004
77391754,2252544,10,1,TJK-AFG,2006
510944569,3087644,6,1,TJK-AFG,2008
640184602,3215465,4,1,TJK-AFG,2009
5065615539,9216759,2.25606799125671,0.721170961856842,TJK-AFG,2022
45938850,3614,2,0,TJK-KGZ,2008
623415539,3098,0.233346104621887,0.00157815159764141,TKM,2022
18882168,155490,0,0,TLS,2006
16308930,62631,0,0,TLS,2007
36307515,15867,0,0,TLS,2008
737611378,715,1.3191180229187,0.0308144725859165,TTO,2019
2.01e+09,709,1.33807826042175,0.0105755468830466,TTO,2020
1786198773,916,0.271351456642151,0.00469572655856609,TTO,2022
160454391,3528,0,0,TUN,2011
1044112554,77110,0,1,TUR,2013
4264717711,75071,3.63357973098755,0.11818116158247,TUR,2014
4533248258,71618,2.96322798728943,0.917040944099426,TUR,2015
5221899150,81151,3.54555439949036,0.87724506855011,TUR,2016
5575937077,95184,2.36303234100342,0.814895451068878,TUR,2017
5608951510,111815,4.26324844360352,0.499789923429489,TUR,2018
5509595294,130180,2.57472133636475,0.00998016819357872,TUR,2019
2.51e+09,138247,2.81651163101196,0.145276337862015,TUR,2020
5852037239,151346,3.9870753288269,0.041855726391077,TUR,2021
6080899576,174935,3.87848043441772,0.0507510006427765,TUR,2022
5891766264,81328,5.16806280612946,0.87724506855011,TUR-GRC,2016
5534595294,345271,6.45127677917481,0.612646579742432,TUR-IRN,2019
5109517812,350494,4.53257262706757,0.65804523229599,TUR-IRN,2020
6704315115,366396,4.9622848033905,0.889683723449707,TUR-IRN,2022
2088225108,1475844,1,1,TUR-IRQ,2013
8633177799,4145111,3.67635440826416,0.995936393737793,TUR-IRQ,2014
10189369529,4976159,2.88655304908752,0.917040944099426,TUR-IRQ,2015
10918175929,4279859,3.72594714164734,0.87724506855011,TUR-IRQ,2016
12136521218,3346335,2.30449056625366,0.973094522953033,TUR-IRQ,2017
11786648645,2543695,4.49439942836761,0.99665242433548,TUR-IRQ,2018
11720344727,2183817,2.70728027820587,0.0460620298981667,TUR-IRQ,2019
5539802637,1968122,2.75837016105652,0.906321465969086,TUR-IRQ,2020
12311271281,1936255,4.06895184516907,0.555796086788178,TUR-IRQ,2021
12561803499,1860776,3.96305680274963,0.521175682544708,TUR-IRQ,2022
59724790,1111,5,0,TZA,2000
130740865,1176,3,0,TZA,2001
38766187,5321,1,0,TZA,2004
84150645,4156,2,0,TZA,2007
3582954163,2589,2.13834381103516,0.0831709876656532,TZA,2020
724987802,2593,2.55830025672913,0.0928220823407173,TZA,2021
595687989,2702,2.59603023529053,0.129670560359955,TZA,2022
130367303,628807,9,1,TZA-BDI,2000
232702503,579077,3,1,TZA-BDI,2001
110311754,499781,4,1,TZA-BDI,2004
299949412,386916,4,0,TZA-BDI,2007
6206454163,447630,2.78386199474335,0.0831709876656532,TZA-BDI,2020
1453990925,397575,3.7293815612793,0.0928220823407173,TZA-BDI,2021
778102014,388132,3.91314339637756,0.129670560359955,TZA-BDI,2022
131088687,395660,5,1,TZA-COD,2000
270205756,425033,3,1,TZA-COD,2001
225861055,518418,1,0,TZA-COD,2004
770741752,1728698,2,1,TZA-COD,2007
6092954163,6186484,2.56628358364105,0.0831709876656532,TZA-COD,2020
2709291105,6466933,3.13278126716614,0.0928220823407173,TZA-COD,2021
2477362586,6610725,3.18249499797821,0.129670560359955,TZA-COD,2022
121770327,5047,9,0,TZA-MOZ,2007
4082954163,679382,6.1947832107544,0.0831709876656532,TZA-MOZ,2020
978478158,756352,6.67808794975281,0.0928220823407173,TZA-MOZ,2021
1032261646,1040130,6.84053993225098,0.129670560359955,TZA-MOZ,2022
168301290,93344,4,0,TZA-RWA,2007
7007034221,265018,2.26078367233276,0.0831709876656532,TZA-RWA,2020
1449975604,274335,2.77731072902679,0.0928220823407173,TZA-RWA,2021
1191375978,270273,2.82878518104553,0.129670560359955,TZA-RWA,2022
114095349,34566,10,1,TZA-UGA,2000
209450980,42252,6,1,TZA-UGA,2001
166667242,40478,4,1,TZA-UGA,2004
421551567,1264603,6,1,TZA-UGA,2007
8548203635,21773,2.74407541751862,0.0831709876656532,TZA-UGA,2020
2316883772,22304,3.66788160800934,0.0928220823407173,TZA-UGA,2021
2064699104,22045,3.75147354602814,0.129670560359955,TZA-UGA,2022
93003098,4840,6,0,TZA-ZMB,2007
6946813487,3316,3.15013861656189,0.161454498767853,TZA-ZMB,2020
1259306925,3337,3.28286552429199,0.0928220823407173,TZA-ZMB,2021
1191375978,3468,3.41774260997772,0.129670560359955,TZA-ZMB,2022
54370559,33455,5,1,UGA,2000
78710115,41076,3,1,UGA,2001
68103410,42444,4,1,UGA,2002
88538479,38058,3,1,UGA,2003
127901055,35157,3,1,UGA,2004
157686167,38505,3,1,UGA,2005
222603257,1609253,6,1,UGA,2006
337400922,1260447,4,1,UGA,2007
373943491,863660,3,1,UGA,2008
225288099,454741,2,1,UGA,2009
197284395,132948,2,1,UGA,2010
370777164,11925,1.55243337154388,0.00470556411892176,UGA,2014
657794079,12737,0.67352294921875,0.0772494003176689,UGA,2015
4965249472,19184,0.60573160648346,0.0278301518410444,UGA,2020
1591895970,19711,1.10958135128021,5.95784476900008e-05,UGA,2021
1469011115,19343,1.15544331073761,6.21634972048923e-05,UGA,2022
33201996,1075702,1.20020806789398,0.0120915537700057,UKR,2014
189125000,1943749,1.07804489135742,0.00462856655940414,UKR,2015
297907511,2073700,1.24938333034515,0.00874883681535721,UKR,2016
214058212,1977251,0.631824016571045,0.273753076791763,UKR,2017
186909122,1625215,2.2072548866272,0.00117416901048273,UKR,2018
161733655,821835,0.81321918964386,0.00236380309797823,UKR,2019
2.81e+09,790582,1.28539109230042,0.117217823863029,UKR,2020
167982922,900988,3.5139217376709,0.0419441796839237,UKR,2021
1330249122,11628517,3.50740194320679,0.0393175780773163,UKR,2022
1880898122,11631797,4.96292591094971,0.0393175780773163,UKR-HUN,2022
1880898122,11640311,4.63640010356903,0.0393175780773163,UKR-MDA,2022
1880898122,11630527,4.45509362220764,0.0393175780773163,UKR-POL,2022
1880898122,11638656,5.90672874450684,0.0393175780773163,UKR-ROU,2022
1880898122,11629289,4.9950852394104,0.19806607067585,UKR-SVK,2022
737611378,326,0.348300099372864,0.00093190761981532,URY,2019
2.01e+09,450,1.76408958435059,0.000404216116294265,URY,2020
1786198773,646,0.177351713180542,0.000865005073137581,URY,2022
623415539,13044,0.997948348522186,0.0157325528562069,UZB,2022
5065615539,9223214,2.62891036272049,0.721170961856842,UZB-AFG,2022
1246831078,19633,1.6230543255806,0.551270425319672,UZB-TJK,2022
1246831078,16142,1.23129445314407,0.0157325528562069,UZB-TKM,2022
222724387,887730,1.68904328346252,0.0178571660071611,VEN,2019
3484377198,1022377,2.66971135139465,0.00464732153341174,VEN,2020
708278321,1170308,1.71610498428345,0.0166582744568586,VEN,2021
794987748,1371538,1.69922602176666,0.0144853312522173,VEN,2022
11483150,102228,1,0,YEM,2008
23750000,252529,0,1,YEM,2009
180596567,223678,2,1,YEM,2010
224874248,350768,0,1,YEM,2011
447138200,389483,0,1,YEM,2012
716572720,310895,1,1,YEM,2013
591616992,339432,0.274732112884522,0.278657108545303,YEM,2014
747517644,2557989,0.303659319877625,0.380533874034882,YEM,2015
1632652363,2059357,0.333106756210327,0.141603276133537,YEM,2016
2067662020,2062246,0.286975622177124,0.283896118402481,YEM,2017
3108067800,2211740,0.242463231086731,0.10388021171093,YEM,2018
4192680354,3696566,0.267223834991455,0.277109354734421,YEM,2019
5965626252,4069315,0.246399283409119,0.342178046703339,YEM,2020
3921593940,4361816,0.283483862876892,0.291005045175552,YEM,2021
4312197747,4595173,0.276911735534668,0.333983480930328,YEM,2022
71396209,256,0,0,ZMB,2002
27490991,355,3,0,ZMB,2003
8852453,684,4,0,ZMB,2007
3363859324,727,1.01179480552673,0.161454498767853,ZMB,2020
534319123,744,0.724565267562866,0.0209094602614641,ZMB,2021
595687989,766,0.821712374687195,0.0246278103441,ZMB,2022
304164875,638671,1,1,ZMB-AGO,2002
414337442,341639,5,0,ZMB-AGO,2003
6512568701,21325,2.58562922477722,0.161454498767853,ZMB-AGO,2020
1068638246,24839,2.05129516124725,0.458203703165054,ZMB-AGO,2021
1191375978,29040,2.16971468925476,0.433211833238602,ZMB-AGO,2022
49040752,629,12,0,ZMB-MOZ,2003
46472135,1575,11,0,ZMB-MOZ,2007
3863859324,677520,5.06823420524597,0.161454498767853,ZMB-MOZ,2020
787809479,754503,4.84435296058655,0.0209094602614641,ZMB-MOZ,2021
1032261646,1038194,5.06622207164764,0.0246278103441,ZMB-MOZ,2022
356509079,5438,2,0,ZMB-ZWE,2002
140614848,10980,6,0,ZMB-ZWE,2003
223328506,49368,9,0,ZMB-ZWE,2007
4879635928,23916,1.46154546737671,0.548787176609039,ZMB-ZWE,2020
1041290584,22372,1.26113188266754,0.422906368970871,ZMB-ZWE,2021
285112870,5182,2,0,ZWE,2002
113123857,10625,3,0,ZWE,2003
95349452,18955,0,0,ZWE,2004
276670374,13981,0,0,ZWE,2006
214476053,48684,5,0,ZWE,2007
316561178,51600,1,0,ZWE,2008
549680117,23835,2,0,ZWE,2009
378457331,25081,4,0,ZWE,2010
415275740,115996,2,0,ZWE,2011
268376059,121731,0,0,ZWE,2012
131419709,121680,2,0,ZWE,2013
359861529,61332,0.833306550979614,0.0809419602155685,ZWE,2016
293932789,296222,2.28283071517944,0.150583237409592,ZWE,2019
1515776604,23189,0.449750661849976,0.548787176609039,ZWE,2020
506971461,21628,0.536566615104675,0.422906368970871,ZWE,2021
134673618,10899,12,0,ZWE-MOZ,2003
252095735,49575,12,0,ZWE-MOZ,2007
402708703,52476,6,0,ZWE-MOZ,2008
734784833,485549,7.44793939590454,0.150583237409592,ZWE-MOZ,2019
2015776604,699982,4.50619006156921,0.548787176609039,ZWE-MOZ,2020
760461817,775387,4.65635430812836,0.422906368970871,ZWE-MOZ,2021
